Jour;T_Mean;T_Min;T_Max;H_Moy;DJ
2008-10-20;15.2914545454545;8.175;18.711;74.4824545454545;13.443
2008-10-21;10.56025;7.672;13.698;86.0685833333333;10.685
2008-10-22;7.16808333333333;1.637;10.686;96.0501666666667;6.1615
2008-10-23;4.7805;1.637;9.18;105.351;5.4085
2008-10-24;7.0015;5.159;10.686;102.593166666667;7.9225
2008-10-25;4.90708333333333;2.643;8.175;106.38825;5.409
2008-10-26;6.43461538461538;5.159;10.184;96.6882307692308;7.6715
2008-10-27;7.42025;5.159;11.69;82.4405833333333;8.4245
2008-10-28;2.47516666666667;0.63;5.661;108.875083333333;3.1455
2008-10-29;1.38508333333333;0.63;1.637;112.002;1.1335
2008-10-30;-0.378;-3.905;1.637;112.422333333333;-1.134
2008-10-31;2.8525;-0.378;5.159;108.597666666667;2.3905
2008-11-01;6.91816666666667;4.656;8.677;90.3576666666667;6.6665
2008-11-02;7.71358333333333;3.65;10.686;82.1396666666667;7.168
2008-11-03;5.15858333333333;4.153;7.672;95.0738333333333;5.9125
2008-11-04;5.32591666666667;2.643;8.677;96.1845833333333;5.66
2008-11-05;4.27841666666667;3.146;6.164;101.987083333333;4.655
2008-11-06;4.19458333333333;2.14;6.667;102.922666666667;4.4035
2008-11-07;3.06233333333333;1.637;5.661;106.556;3.649
2008-11-08;2.55875;0.126;7.17;105.2425;3.648
2008-11-09;4.78075;1.133;8.677;97.3111666666667;4.905
2008-11-10;4.73925;2.643;7.672;87.2934166666667;5.1575
2008-11-11;4.6135;1.133;6.164;100.19975;3.6485
2008-11-12;1.17516666666667;-0.378;2.14;110.681416666667;0.881
2008-11-13;-0.084;-0.378;0.63;111.625916666667;0.126
2008-11-14;0.587666666666667;0.126;1.637;111.67125;0.8815
2008-11-15;8.33333333333334e-05;-1.385;1.637;112.74925;0.126
2008-11-16;-0.251666666666667;-1.385;0.63;112.886666666667;-0.3775
2008-11-17;1.59458333333333;0.126;3.65;111.81;1.888
2008-11-18;0.755166666666667;-1.889;4.153;110.34625;1.132
2008-11-19;-0.377666666666667;-1.889;1.133;112.278;-0.378
2008-11-20;-0.587666666666667;-2.897;2.14;110.42275;-0.3785
2008-11-21;1.63633333333333;0.126;3.65;113.216;1.888
2008-11-22;-0.88125;-1.889;0.126;113.540666666667;-0.8815
2008-11-23;-1.76333333333333;-3.905;0.126;113.353333333333;-1.8895
2008-11-24;0.126;0.126;0.126;114.611083333333;0.126
2008-11-25;0.294;0.126;0.63;114.749916666667;0.378
2008-11-26;-0.08375;-2.897;0.63;115.396;-1.1335
2008-11-27;-3.14908333333333;-5.418;-1.889;114.286166666667;-3.6535
2008-11-28;-0.293666666666667;-2.393;0.63;114.610833333333;-0.8815
2008-11-29;-1.00766666666667;-2.897;0.126;112.382;-1.3855
2008-11-30;-1.931;-2.393;-1.385;114.611;-1.889
2008-12-01;-1.0495;-2.393;0.126;115.026916666667;-1.1335
2008-12-02;-0.084;-0.378;0.126;115.165333333333;-0.126
2008-12-03;-0.461666666666667;-2.897;0.126;115.212166666667;-1.3855
2008-12-04;0.126;0.126;0.126;115.350666666667;0.126
2008-12-05;0.294;0.126;0.63;115.535333333333;0.378
2008-12-06;0.546;0.126;0.63;115.534;0.378
2008-12-07;0.462;0.126;0.63;115.6265;0.378
2008-12-08;-1.42725;-2.897;0.126;107.420916666667;-1.3855
2008-12-09;-0.965333333333333;-2.897;0.126;111.188833333333;-1.3855
2008-12-10;0;-0.378;0.126;115.535333333333;-0.126
2008-12-11;0.126;0.126;0.126;115.5815;0.126
2008-12-12;0.126;0.126;0.126;115.535333333333;0.126
2008-12-13;0;-0.378;0.126;115.765666666667;-0.126
2008-12-14;-0.042;-0.378;0.126;115.811416666667;-0.126
2008-12-15;-0.084;-0.378;0.126;115.9955;-0.126
2008-12-16;-0.084;-0.378;0.126;115.857583333333;-0.126
2008-12-17;0.168;0.126;0.63;115.857666666667;0.378
2008-12-18;0.629666666666667;0.126;1.133;115.949333333333;0.6295
2008-12-19;0.545916666666667;0.126;1.133;115.76525;0.6295
2008-12-20;-0.167833333333333;-0.881;0.63;113.529916666667;-0.1255
2008-12-21;0.503833333333333;0.126;1.637;115.534;0.8815
2008-12-22;-1.34325;-2.897;0.126;106.7195;-1.3855
2008-12-23;-0.0838333333333333;-1.385;0.63;101.452166666667;-0.3775
2008-12-24;1.46883333333333;0.126;3.65;73.3519166666667;1.888
2008-12-25;-1.97333333333333;-3.905;0.63;93.765;-1.6375
2008-12-26;-3.317;-4.409;-2.393;91.8925;-3.401
2008-12-27;-4.03116666666667;-5.922;-1.889;75.4485;-3.9055
2008-12-28;-6.51083333333333;-7.94;-3.401;89.8459166666667;-5.6705
2008-12-29;-4.5775;-5.922;-2.897;73.0516666666667;-4.4095
2008-12-30;-0.16775;-1.385;1.133;106.256416666667;-0.126
2008-12-31;1.13333333333333;0.63;2.14;109.302583333333;1.385
2009-01-01;-1.72133333333333;-4.913;0.63;97.15825;-2.1415
2009-01-02;-4.57741666666667;-6.427;-2.393;97.7920833333333;-4.41
2009-01-03;-5.62825;-7.94;-2.393;105.070916666667;-5.1665
2009-01-04;-5.37583333333333;-7.94;-3.401;81.6726666666667;-5.6705
2009-01-05;-6.51083333333333;-7.436;-4.913;67.8423333333333;-6.1745
2009-01-06;-6.76325;-8.95;-3.401;102.580166666667;-6.1755
2009-01-07;-6.0065;-7.94;-3.905;107.7985;-5.9225
2009-01-08;-6.00666666666667;-8.95;-2.897;100.491833333333;-5.9235
2009-01-09;-2.855;-4.409;-0.881;83.8329166666667;-2.645
2009-01-10;-3.107;-4.409;-0.881;82.1931666666667;-2.645
2009-01-11;-3.947;-4.913;-2.897;78.8366666666667;-3.905
2009-01-12;-1.72116666666667;-3.905;0.126;68.20475;-1.8895
2009-01-13;-2.18316666666667;-3.905;1.637;76.1480833333333;-1.134
2009-01-14;-3.77925;-5.418;-0.881;97.7566666666667;-3.1495
2009-01-15;-4.15758333333333;-7.94;-1.385;91.0409166666667;-4.6625
2009-01-16;-3.191;-4.913;-1.385;81.58925;-3.149
2009-01-17;-1.51175;-4.913;2.14;89.0866666666667;-1.3865
2009-01-18;0.25175;-1.385;2.643;91.6139166666667;0.629
2009-01-19;1.97191666666667;0.126;3.65;99.3253333333333;1.888
2009-01-20;0.126;0.126;0.126;111.623833333333;0.126
2009-01-21;-0.335666666666667;-0.881;0.126;113.352333333333;-0.3775
2009-01-22;-0.46175;-1.889;0.126;113.029166666667;-0.8815
2009-01-23;0.545583333333333;-0.881;2.643;112.322583333333;0.881
2009-01-24;-0.0419166666666667;-1.889;1.133;105.671583333333;-0.378
2009-01-25;-2.22508333333333;-4.409;0.126;112.863166666667;-2.1415
2009-01-26;-1.76316666666667;-2.897;0.126;113.915166666667;-1.3855
2009-01-27;-2.099;-3.401;-1.385;114.28675;-2.393
2009-01-28;-5.67;-7.94;-4.409;113.124166666667;-6.1745
2009-01-29;-4.7455;-5.922;-2.897;113.26225;-4.4095
2009-01-30;-3.863;-4.913;-1.889;113.263833333333;-3.401
2009-01-31;-2.60333333333333;-5.418;0.126;113.6355;-2.646
2009-02-01;-0.797416666666667;-1.889;0.126;114.147;-0.8815
2009-02-02;0.209916666666667;-0.881;1.637;112.785166666667;0.378
2009-02-03;1.09125;0.126;2.643;109.909;1.3845
2009-02-04;0.462;0.126;0.63;106.571416666667;0.378
2009-02-05;0.671333333333333;-0.378;2.643;108.73925;1.1325
2009-02-06;0.21;0.126;0.63;114.239;0.378
2009-02-07;0.126;0.126;0.126;115.212166666667;0.126
2009-02-08;0.126;0.126;0.126;115.581166666667;0.126
2009-02-09;0.126;0.126;0.126;115.443166666667;0.126
2009-02-10;0.126;0.126;0.126;115.673666666667;0.126
2009-02-11;0.126;0.126;0.126;115.904;0.126
2009-02-12;0.126;0.126;0.126;116.041916666667;0.126
2009-02-13;0.21;0.126;0.63;115.811833333333;0.378
2009-02-14;0.588;0.126;0.63;115.765833333333;0.378
2009-02-15;0.63;0.63;0.63;116.179833333333;0.63
2009-02-16;0.63;0.63;0.63;116.179916666667;0.63
2009-02-17;0.839583333333333;0.63;1.133;116.087583333333;0.8815
2009-02-18;0.545666666666667;-1.385;1.133;116.223916666667;-0.126
2009-02-19;-1.30175;-5.922;0.126;115.7625;-2.898
2009-02-20;0;-0.378;0.126;116.501;-0.126
2009-02-21;0.42;0.126;0.63;116.363666666667;0.378
2009-02-22;0.75575;0.126;1.637;116.087916666667;0.8815
2009-02-23;0.71375;0.126;1.133;115.995416666667;0.6295
2009-02-24;0.126083333333333;-0.881;0.63;115.483916666667;-0.1255
2009-02-25;-2.05716666666667;-3.905;-0.378;111.4705;-2.1415
2009-02-26;-1.88933333333333;-4.409;0.126;106.439916666667;-2.1415
2009-02-27;-0.671583333333333;-2.393;0.126;110.568166666667;-1.1335
2009-02-28;1.88775;-0.881;5.159;97.9006666666667;2.139
2009-03-01;2.05591666666667;0.63;4.153;100.32575;2.3915
2009-03-02;0.923416666666667;0.126;2.643;113.344666666667;1.3845
2009-03-03;0.4615;-0.378;2.643;110.947;1.1325
2009-03-04;-0.29375;-1.385;0.126;109.105333333333;-0.6295
2009-03-05;0.126;0.126;0.126;115.811166666667;0.126
2009-03-06;-0.419666666666667;-1.889;0.126;115.811333333333;-0.8815
2009-03-07;-0.881416666666667;-1.889;0.126;115.535;-0.8815
2009-03-08;-0.83975;-2.897;2.14;114.554166666667;-0.3785
2009-03-09;-0.8395;-3.401;0.126;110.855916666667;-1.6375
2009-03-10;-1.30158333333333;-3.905;0.63;111.832166666667;-1.6375
2009-03-11;0.126;0.126;0.126;115.9035;0.126
2009-03-12;0;-0.378;0.126;114.655583333333;-0.126
2009-03-13;-0.251916666666667;-1.385;0.126;115.579916666667;-0.6295
2009-03-14;-0.755583333333333;-2.393;0.63;115.11825;-0.8815
2009-03-15;0.461833333333333;0.126;1.637;115.022833333333;0.8815
2009-03-16;-0.0423333333333333;-2.897;2.643;108.776083333333;-0.127
2009-03-17;1.13258333333333;-1.385;4.656;102.835416666667;1.6355
2009-03-18;3.64725;0.126;11.69;91.7733333333333;5.908
2009-03-19;1.59383333333333;-0.881;6.164;74.7459166666667;2.6415
2009-03-20;-3.10791666666667;-6.931;0.126;87.1191666666667;-3.4025
2009-03-21;-4.07491666666667;-8.445;1.133;87.75625;-3.656
2009-03-22;-1.76566666666667;-8.445;4.656;81.072;-1.8945
2009-03-23;0.836916666666667;-4.913;8.175;81.1195833333333;1.631
2009-03-24;0;-0.378;0.126;110.402166666667;-0.126
2009-03-25;-0.042;-1.889;1.637;111.603833333333;-0.126
2009-03-26;1.4265;-0.378;4.656;109.027916666667;2.139
2009-03-27;4.1935;0.63;8.677;94.4415;4.6535
2009-03-28;2.72691666666667;-0.378;4.656;93.99175;2.139
2009-03-29;0.446454545454545;-0.378;1.133;112.272454545455;0.3775
2009-03-30;0.335833333333333;-0.378;1.637;113.02525;0.6295
2009-03-31;3.0605;-0.378;10.686;103.816916666667;5.154
2009-04-01;4.86375;1.133;10.686;98.8869166666667;5.9095
2009-04-02;4.11016666666667;1.637;8.677;106.982333333333;5.157
2009-04-03;3.77366666666667;0.126;9.682;105.101416666667;4.904
2009-04-04;4.77983333333333;1.133;10.686;102.21725;5.9095
2009-04-05;5.86816666666667;1.637;13.698;101.292083333333;7.6675
2009-04-06;5.61808333333333;1.637;11.188;94.6911666666667;6.4125
2009-04-07;4.99091666666667;3.146;7.17;89.19425;5.158
2009-04-08;4.78025;1.637;10.184;104.362;5.9105
2009-04-09;6.62266666666667;1.637;14.701;89.7695833333333;8.169
2009-04-10;7.4195;3.65;14.2;79.2598333333333;8.925
2009-04-11;6.41425;2.643;11.69;86.28025;7.1665
2009-04-12;6.91625;3.146;14.701;97.5426666666667;8.9235
2009-04-13;6.75;4.153;10.686;102.24775;7.4195
2009-04-14;8.25616666666667;3.65;14.701;81.3488333333333;9.1755
2009-04-15;8.42425;5.159;14.2;71.1428333333333;9.6795
2009-04-16;3.48141666666667;1.133;6.667;103.628;3.9
2009-04-17;2.72616666666667;0.63;7.672;104.20075;4.151
2009-04-18;3.22941666666667;0.126;8.175;107.697166666667;4.1505
2009-04-19;4.11033333333333;2.14;6.667;107.464666666667;4.4035
2009-04-20;5.20008333333333;2.643;8.677;106.50325;5.66
2009-04-21;5.66025;2.14;10.184;105.773416666667;6.162
2009-04-22;7.79658333333333;3.65;13.196;101.46025;8.423
2009-04-23;7.62741666666667;2.643;13.698;83.2855833333333;8.1705
2009-04-24;6.07733333333333;0.126;11.69;71.9746666666667;5.908
2009-04-25;9.30341666666667;5.661;14.701;58.5965;10.181
2009-04-26;5.99641666666667;3.65;8.175;93.7678333333333;5.9125
2009-04-27;2.97858333333333;1.637;4.656;109.34575;3.1465
2009-04-28;3.77383333333333;0.126;10.184;99.4526666666667;5.155
2009-04-29;2.22341666666667;0.63;6.164;103.48675;3.397
2009-04-30;4.6525;0.126;11.69;98.3185833333333;5.908
2009-05-01;6.328;0.126;14.701;89.8670833333333;7.4135
2009-05-02;7.33475;2.643;13.698;97.3823333333333;8.1705
2009-05-03;8.17116666666667;2.14;15.704;94.0541666666667;8.922
2009-05-04;5.70266666666667;3.146;11.188;102.598;7.167
2009-05-05;5.11366666666667;-0.378;11.69;92.7814166666667;5.656
2009-05-06;9.38283333333333;1.133;17.709;81.3715;9.421
2009-05-07;12.5609166666667;2.643;22.217;49.7685;12.43
2009-05-08;11.3971666666667;9.682;14.2;73.1024166666667;11.941
2009-05-09;12.6934166666667;9.18;16.707;55.4520833333333;12.9435
2009-05-10;12.3585833333333;9.18;17.709;50.7584166666667;13.4445
2009-05-11;14.1145;11.188;19.713;54.0424166666667;15.4505
2009-05-12;14.9920833333333;9.18;21.216;56.9299166666667;15.198
2009-05-13;14.617;12.192;19.212;54.2725;15.702
2009-05-14;11.606;7.672;14.701;69.5301666666667;11.1865
2009-05-15;6.54125;4.656;7.672;106.152916666667;6.164
2009-05-16;11.34825;2.14;20.214;83.5283333333333;11.177
2009-05-17;13.6970833333333;11.188;16.206;70.4144166666667;13.697
2009-05-18;10.8518333333333;6.667;17.709;88.7554166666667;12.188
2009-05-19;13.3981666666667;5.159;22.717;68.1791666666667;13.938
2009-05-20;16.2843333333333;8.175;23.718;51.1545833333333;15.9465
2009-05-21;18.2500833333333;11.69;24.218;48.9051666666667;17.954
2009-05-22;20.7529166666667;13.698;28.718;49.8470833333333;21.208
2009-05-23;21.0460833333333;14.701;27.718;40.5043333333333;21.2095
2009-05-24;22.3809166666667;18.21;30.216;32.8065;24.213
2009-05-25;21.1705833333333;15.203;30.216;29.9569166666667;22.7095
2009-05-26;13.78;9.18;17.709;69.7224166666667;13.4445
2009-05-27;8.55016666666667;5.159;14.701;98.2933333333333;9.93
2009-05-28;12.3535;4.153;21.216;80.3513333333333;12.6845
2009-05-29;14.02575;5.159;23.218;78.8318333333333;14.1885
2009-05-30;13.5269166666667;7.17;23.218;79.8985833333333;15.194
2009-05-31;11.7306666666667;7.672;16.707;95.96425;12.1895
2009-06-01;9.84791666666667;6.164;16.707;95.6121666666667;11.4355
2009-06-02;11.60375;6.164;19.212;90.45875;12.688
2009-06-03;13.8580833333333;5.661;23.218;77.38525;14.4395
2009-06-04;14.3174166666667;6.164;23.218;75.16775;14.691
2009-06-05;10.85275;7.17;14.2;79.8318333333333;10.685
2009-06-06;10.2250833333333;7.672;15.704;100.747416666667;11.688
2009-06-07;9.1355;3.65;15.203;92.6641666666667;9.4265
2009-06-08;9.80683333333333;7.17;14.2;84.6028333333333;10.685
2009-06-09;10.8099166666667;5.661;16.707;89.69875;11.184
2009-06-10;12.56375;4.656;20.715;84.2521666666667;12.6855
2009-06-11;14.3220833333333;9.18;22.217;89.4184166666667;15.6985
2009-06-12;15.3184166666667;5.159;25.219;75.72325;15.189
2009-06-13;18.2828333333333;7.17;28.718;65.3939166666667;17.944
2009-06-14;19.6646666666667;11.188;29.217;54.5374166666667;20.2025
2009-06-15;18.9593333333333;13.196;27.219;72.0718333333333;20.2075
2009-06-16;18.62075;10.686;28.718;79.58025;19.702
2009-06-17;19.5763333333333;9.18;32.213;64.13125;20.6965
2009-06-18;21.3768333333333;14.2;32.213;70.2685833333333;23.2065
2009-06-19;17.4978333333333;11.69;25.219;86.553;18.4545
2009-06-20;10.8939166666667;7.17;19.713;94.0011666666667;13.4415
2009-06-21;9.63883333333333;6.164;14.2;92.35925;10.182
2009-06-22;9.80441666666667;4.153;19.713;85.6510833333333;11.933
2009-06-23;8.08875;2.14;13.196;93.3786666666667;7.668
2009-06-24;16.85825;4.656;30.216;71.1283333333333;17.436
2009-06-25;19.3671666666667;9.18;32.712;57.9868333333333;20.946
2009-06-26;14.7399166666667;10.184;21.216;82.1416666666667;15.7
2009-06-27;12.2326666666667;7.672;16.707;96.1393333333333;12.1895
2009-06-28;17.5336666666667;7.672;29.217;82.8665;18.4445
2009-06-29;19.24675;10.686;29.717;77.0485833333333;20.2015
2009-06-30;20.3735;11.69;30.716;73.8085833333333;21.203
2009-07-01;21.7071666666667;12.694;32.213;65.4375;22.4535
2009-07-02;21.6638333333333;11.69;34.708;63.3160833333333;23.199
2009-07-03;20.3770833333333;13.698;28.218;72.1835;20.958
2009-07-04;20.83;11.69;33.71;63.6310833333333;22.7
2009-07-05;18.7886666666667;11.69;31.215;73.7290833333333;21.4525
2009-07-06;15.325;9.682;24.218;82.8248333333333;16.95
2009-07-07;15.4075833333333;9.18;22.717;74.405;15.9485
2009-07-08;13.5268333333333;8.175;22.717;77.279;15.446
2009-07-09;13.56725;7.17;24.218;70.819;15.694
2009-07-10;13.6495;5.159;24.218;63.9320833333333;14.6885
2009-07-11;14.90125;5.661;25.719;65.8175;15.69
2009-07-12;20.12225;10.184;30.216;53.7648333333333;20.2
2009-07-13;22.7938333333333;14.2;33.211;45.4623333333333;23.7055
2009-07-14;21.8374166666667;16.707;32.213;45.1414166666667;24.46
2009-07-15;20.044;14.2;26.219;68.2866666666667;20.2095
2009-07-16;23.1243333333333;13.196;33.71;60.2354166666667;23.453
2009-07-17;15.07525;8.175;19.713;86.2898333333333;13.944
2009-07-18;7.83858333333333;5.661;13.698;103.072083333333;9.6795
2009-07-19;13.5254166666667;5.661;21.716;77.9801666666667;13.6885
2009-07-20;17.7405;7.17;28.718;65.8319166666667;17.944
2009-07-21;20.7534166666667;15.203;28.718;45.3689166666667;21.9605
2009-07-22;21.4648333333333;17.709;26.719;37.149;22.214
2009-07-23;22.54825;15.203;28.718;46.5168333333333;21.9605
2009-07-24;18.2036666666667;11.188;29.217;72.7620833333333;20.2025
2009-07-25;14.3620833333333;6.667;22.217;81.11475;14.442
2009-07-26;17.487;5.159;29.217;57.9924166666667;17.188
2009-07-27;20.5025833333333;14.2;27.718;40.8218333333333;20.959
2009-07-28;19.2886666666667;9.18;27.718;65.1679166666667;18.449
2009-07-29;21.3311666666667;12.192;32.712;35.9581666666667;22.452
2009-07-30;18.3315;11.69;26.219;62.33875;18.9545
2009-07-31;18.6176666666667;8.175;29.717;56.7269166666667;18.946
2009-08-01;21.7070833333333;12.192;32.712;37.6025833333333;22.452
2009-08-02;15.3684166666667;11.69;22.217;81.78675;16.9535
2009-08-03;10.1839166666667;8.677;12.192;99.1414166666667;10.4345
2009-08-04;14.5678333333333;5.661;24.218;80.014;14.9395
2009-08-05;18.4079166666667;7.672;29.217;50.8884166666667;18.4445
2009-08-06;21.3326666666667;12.192;31.215;41.00225;21.7035
2009-08-07;19.6268333333333;14.701;28.218;65.0186666666667;21.4595
2009-08-08;18.4575833333333;12.694;25.719;75.97225;19.2065
2009-08-09;15.8654166666667;9.682;29.717;82.6816666666667;19.6995
2009-08-10;13.90625;11.69;17.208;99.0903333333333;14.449
2009-08-11;16.03425;9.18;23.718;85.59825;16.449
2009-08-12;16.9515;9.682;25.719;82.0341666666667;17.7005
2009-08-13;18.329;10.184;27.219;71.6919166666667;18.7015
2009-08-14;19.08025;10.686;28.218;60.5520833333333;19.452
2009-08-15;20.7500833333333;13.196;31.714;46.2010833333333;22.455
2009-08-16;20.5430833333333;14.2;30.716;49.3464166666667;22.458
2009-08-17;20.6258333333333;14.2;32.213;53.1296666666667;23.2065
2009-08-18;22.5858333333333;15.203;32.213;46.9481666666667;23.708
2009-08-19;22.2515833333333;12.694;33.211;49.6070833333333;22.9525
2009-08-20;20.835;13.196;30.216;56.3474166666667;21.706
2009-08-21;20.3774166666667;13.196;28.218;60.1835;20.707
2009-08-22;17.2053333333333;12.192;24.719;80.86;18.4555
2009-08-23;18.2865;9.682;27.718;73.189;18.7
2009-08-24;20.96175;15.203;28.718;65.9784166666667;21.9605
2009-08-25;16.1623333333333;12.192;21.716;97.17675;16.954
2009-08-26;15.36725;11.188;23.218;93.9905833333333;17.203
2009-08-27;16.5765;10.184;25.219;84.68275;17.7015
2009-08-28;15.53525;11.69;22.717;88.2300833333333;17.2035
2009-08-29;12.1061666666667;7.17;19.212;83.6733333333333;13.191
2009-08-30;12.5204166666667;5.159;22.217;84.0095;13.688
2009-08-31;16.7025833333333;9.682;23.718;75.823;16.7
2009-09-01;19.0023333333333;15.704;24.218;58.633;19.961
2009-09-02;16.2875;11.69;21.716;92.59275;16.703
2009-09-03;15.36825;9.682;23.218;84.6436666666667;16.45
2009-09-04;12.0234166666667;8.175;19.713;87.4490833333333;13.944
2009-09-05;8.71516666666667;2.643;16.707;81.0149166666667;9.675
2009-09-06;10.5953333333333;3.146;21.216;81.0875;12.181
2009-09-07;13.19;6.667;23.218;67.8274166666667;14.9425
2009-09-08;14.19375;7.672;23.718;69.9813333333333;15.695
2009-09-09;14.2786666666667;8.677;22.717;71.7775833333333;15.697
2009-09-10;12.6478333333333;7.17;22.217;72.4445;14.6935
2009-09-11;12.3561666666667;7.17;21.216;86.8265833333333;14.193
2009-09-12;11.5614166666667;6.164;20.214;92.1211666666667;13.189
2009-09-13;12.0229166666667;7.672;20.214;88.0391666666667;13.943
2009-09-14;9.26291666666667;7.17;12.694;92.901;9.932
2009-09-15;7.33658333333333;4.656;13.196;99.09325;8.926
2009-09-16;11.0188333333333;7.17;18.21;99.7375;12.69
2009-09-17;12.3163333333333;8.677;18.21;96.5293333333333;13.4435
2009-09-18;11.35425;8.175;17.709;89.8519166666667;12.942
2009-09-19;11.01975;6.164;15.704;91.1646666666667;10.934
2009-09-20;10.4765;7.672;14.2;104.304833333333;10.936
2009-09-21;11.5223333333333;8.677;15.704;102.941333333333;12.1905
2009-09-22;12.1894166666667;7.17;19.713;99.14625;13.4415
2009-09-23;12.52325;7.17;20.214;96.2018333333333;13.692
2009-09-24;11.5629166666667;7.672;18.711;99.5929166666667;13.1915
2009-09-25;11.3124166666667;7.672;16.707;102.574916666667;12.1895
2009-09-26;10.9779166666667;7.17;16.707;100.987;11.9385
2009-09-27;11.5219166666667;8.677;17.709;90.8283333333333;13.193
2009-09-28;11.18625;7.17;17.208;94.75275;12.189
2009-09-29;11.3938333333333;6.164;19.713;96.8378333333333;12.9385
2009-09-30;11.8543333333333;7.672;19.713;84.6361666666667;13.6925
2009-10-01;11.6466666666667;7.17;19.212;86.5340833333333;13.191
2009-10-02;8.21516666666667;4.153;13.196;95.8918333333333;8.6745
2009-10-03;8.00316666666667;1.637;16.707;96.5449166666667;9.172
2009-10-04;9.3025;4.656;16.206;90.9054166666667;10.431
2009-10-05;12.1470833333333;5.661;18.711;61.9508333333333;12.186
2009-10-06;14.49175;11.188;19.212;70.4981666666667;15.2
2009-10-07;17.1643333333333;13.196;24.218;49.14475;18.707
2009-10-08;13.5294166666667;9.682;18.711;69.1765;14.1965
2009-10-09;10.6855;7.672;16.206;98.4396666666667;11.939
2009-10-10;8.8445;6.164;10.184;105.907916666667;8.174
2009-10-11;7.37825;4.153;11.69;102.771916666667;7.9215
2009-10-12;5.45141666666667;1.133;7.672;105.189333333333;4.4025
2009-10-13;1.76133333333333;-0.881;8.175;100.980833333333;3.647
2009-10-14;0.4605;-1.889;7.17;99.597;2.6405
2009-10-15;-2.60325;-4.913;0.63;104.953333333333;-2.1415
2009-10-16;-0.422;-4.409;8.677;96.8006666666667;2.134
2009-10-17;-0.0420833333333333;-2.897;1.637;105.00725;-0.63
2009-10-18;-1.5955;-3.401;2.14;105.590833333333;-0.6305
2009-10-19;0.459583333333333;-3.905;7.672;95.3944166666667;1.8835
2009-10-20;4.82258333333333;2.14;7.672;85.65225;4.906
2009-10-21;6.7505;5.661;7.672;93.7000833333333;6.6665
2009-10-22;5.24241666666667;4.153;7.672;103.849083333333;5.9125
2009-10-23;3.7335;1.637;5.159;110.390166666667;3.398
2009-10-24;4.06741666666667;0.126;9.18;93.00175;4.653
2009-10-25;7.67161538461538;2.643;10.686;109.017615384615;6.6645
2009-10-26;2.056;0.63;5.159;111.5215;2.8945
2009-10-27;2.55891666666667;0.63;5.661;93.0124166666667;3.1455
2009-10-28;5.4935;2.643;8.677;60.1175833333333;5.66
2009-10-29;5.70333333333333;4.153;8.175;65.2466666666667;6.164
2009-10-30;4.65541666666667;2.14;7.17;73.1;4.655
2009-10-31;4.82258333333333;2.14;10.184;60.5630833333333;6.162
2009-11-01;7.50341666666667;3.65;12.192;68.7558333333333;7.921
2009-11-02;4.27708333333333;0.126;8.677;105.653333333333;4.4015
2009-11-03;2.559;0.126;4.656;110.495416666667;2.391
2009-11-04;3.39791666666667;1.133;5.159;110.585583333333;3.146
2009-11-05;1.175;-0.378;3.65;111.149;1.636
2009-11-06;0.92325;-1.889;2.643;112.230916666667;0.377
2009-11-07;0.67125;-1.889;3.146;104.112083333333;0.6285
2009-11-08;-0.419833333333333;-2.897;1.637;110.66125;-0.63
2009-11-09;1.30091666666667;-0.378;2.643;113.961583333333;1.1325
2009-11-10;2.14;0.63;3.65;114.100416666667;2.14
2009-11-11;-2.09916666666667;-3.905;-0.378;110.352916666667;-2.1415
2009-11-12;4.11008333333333;-0.881;8.175;108.132666666667;3.647
2009-11-13;6.79233333333333;4.656;8.677;95.194;6.6665
2009-11-14;7.25333333333333;5.661;8.677;83.56775;7.169
2009-11-15;7.16925;4.656;9.18;85.0325833333333;6.918
2009-11-16;10.1836666666667;6.667;12.192;63.6238333333333;9.4295
2009-11-17;10.6020833333333;8.175;14.2;61.0456666666667;11.1875
2009-11-18;7.00208333333333;4.656;8.175;87.8293333333333;6.4155
2009-11-19;11.5643333333333;8.175;14.2;50.6873333333333;11.1875
2009-11-20;12.1083333333333;9.682;13.196;29.00875;11.439
2009-11-21;11.8155;10.184;13.698;25.153;11.941
2009-11-22;6.91791666666667;2.643;9.18;83.8516666666667;5.9115
2009-11-23;4.06866666666667;2.14;5.661;97.0980833333333;3.9005
2009-11-24;4.15241666666667;1.133;6.667;102.886;3.9
2009-11-25;7.12691666666667;3.65;11.188;43.9843333333333;7.419
2009-11-26;3.77491666666667;0.126;6.667;97.0983333333333;3.3965
2009-11-27;2.01383333333333;0.126;4.656;91.83525;2.391
2009-11-28;1.13241666666667;-2.393;4.153;79.3655;0.88
2009-11-29;2.3495;1.133;3.65;100.4295;2.3915
2009-11-30;0.71375;0.126;1.133;112.84375;0.6295
2009-12-01;1.133;1.133;1.133;113.4965;1.133
2009-12-02;0.209833333333333;-1.889;1.133;109.890916666667;-0.378
2009-12-03;1.25916666666667;0.63;2.14;109.33475;1.385
2009-12-04;0.126;-1.889;1.133;112.924166666667;-0.378
2009-12-05;-0.587666666666667;-2.897;0.63;110.17925;-1.1335
2009-12-06;3.10441666666667;0.63;4.656;99.5329166666667;2.643
2009-12-07;4.27866666666667;3.65;5.661;108.773166666667;4.6555
2009-12-08;-0.25225;-2.897;3.65;109.77375;0.3765
2009-12-09;0.6295;-1.889;2.643;106.354416666667;0.377
2009-12-10;2.22366666666667;0.63;4.656;108.241;2.643
2009-12-11;-1.93116666666667;-3.905;0.63;100.6435;-1.6375
2009-12-12;-2.813;-3.905;-2.393;112.329;-3.149
2009-12-13;-3.48508333333333;-5.418;-2.393;112.233333333333;-3.9055
2009-12-14;-5.37575;-7.436;-4.409;107.649666666667;-5.9225
2009-12-15;-7.30975;-8.95;-5.418;109.972583333333;-7.184
2009-12-16;-7.18341666666667;-8.445;-5.418;110.303083333333;-6.9315
2009-12-17;-5.376;-7.94;-3.401;110.4905;-5.6705
2009-12-18;-2.9395;-6.427;0.126;112.459;-3.1505
2009-12-19;0.378;-0.378;0.63;115.027;0.126
2009-12-20;0.0421666666666667;-0.881;0.63;114.32825;-0.1255
2009-12-21;-1.88941666666667;-5.418;0.63;111.792166666667;-2.394
2009-12-22;3.02066666666667;1.637;4.153;102.640083333333;2.895
2009-12-23;1.6365;0.126;3.65;106.15075;1.888
2009-12-24;5.11658333333333;3.146;6.667;109.539583333333;4.9065
2009-12-25;0.0410833333333333;-4.913;5.159;108.3935;0.123
2009-12-26;-2.1415;-5.418;1.133;81.0680833333333;-2.1425
2009-12-27;-3.1495;-6.427;0.126;101.096;-3.1505
2009-12-28;-0.294;-4.409;2.14;99.9970833333333;-1.1345
2009-12-29;4.446;2.643;5.661;110.008166666667;4.152
2009-12-30;3.398;1.133;5.159;106.85075;3.146
2009-12-31;2.3915;0.63;4.656;107.1385;2.643
2010-01-01;0.75575;0.126;1.637;110.163583333333;0.8815
2010-01-02;0.377916666666667;-0.881;1.133;114.377333333333;0.126
2010-01-03;-2.85516666666667;-5.922;-0.378;107.309083333333;-3.15
2010-01-04;-0.0838333333333333;-1.385;0.126;114.56025;-0.6295
2010-01-05;0.252;0.126;0.63;115.25775;0.378
2010-01-06;0.504;0.126;0.63;115.350583333333;0.378
2010-01-07;-1.1755;-3.401;0.126;112.362333333333;-1.6375
2010-01-08;0.126;0.126;0.126;115.62575;0.126
2010-01-09;0.587916666666667;0.126;1.133;115.44275;0.6295
2010-01-10;1.17516666666667;-0.378;1.637;115.073583333333;0.6295
2010-01-11;-0.839583333333333;-3.905;0.126;113.688166666667;-1.8895
2010-01-12;-2.30916666666667;-3.905;0.126;111.011416666667;-1.8895
2010-01-13;-0.881333333333333;-1.889;0.126;115.3965;-0.8815
2010-01-14;-1.38525;-2.897;-0.378;115.165583333333;-1.6375
2010-01-15;-0.251916666666667;-1.385;0.126;115.719666666667;-0.6295
2010-01-16;-0.839583333333333;-1.889;0.126;115.857583333333;-0.8815
2010-01-17;-0.58775;-3.401;0.126;115.765416666667;-1.6375
2010-01-18;-3.86308333333333;-5.418;-2.897;114.888166666667;-4.1575
2010-01-19;-4.57716666666667;-5.418;-3.401;114.42525;-4.4095
2010-01-20;-2.18375;-5.922;0.126;115.348166666667;-2.898
2010-01-21;-0.713583333333333;-2.393;0.126;115.857083333333;-1.1335
2010-01-22;-1.973;-2.897;-1.385;115.626416666667;-2.141
2010-01-23;-2.47708333333333;-3.401;-0.378;114.888333333333;-1.8895
2010-01-24;-1.80533333333333;-3.401;0.126;115.580833333333;-1.6375
2010-01-25;-0.629416666666667;-1.385;0.126;116.133333333333;-0.6295
2010-01-26;-0.503666666666667;-1.889;0.126;116.041583333333;-0.8815
2010-01-27;0.084;-0.378;0.126;116.363583333333;-0.126
2010-01-28;0.084;-0.378;0.126;116.6845;-0.126
2010-01-29;8.33333333333334e-05;-1.385;0.126;116.91375;-0.6295
2010-01-30;0.168;0.126;0.63;116.82225;0.378
2010-01-31;0.504;0.126;0.63;116.914083333333;0.378
2010-02-01;0.252083333333333;-1.385;0.63;115.32125;-0.3775
2010-02-02;0.42;-0.378;0.63;115.940916666667;0.126
2010-02-03;-2.68708333333333;-3.905;-0.378;104.887583333333;-2.1415
2010-02-04;-0.713666666666667;-2.897;0.126;96.7705833333333;-1.3855
2010-02-05;0.126;0.126;0.126;116.087583333333;0.126
2010-02-06;0.126;0.126;0.126;116.31775;0.126
2010-02-07;0.126;0.126;0.126;116.5015;0.126
2010-02-08;-1.34341666666667;-3.401;0.126;116.362916666667;-1.6375
2010-02-09;-0.545583333333333;-1.889;0.126;116.2715;-0.8815
2010-02-10;0.126;0.126;0.126;116.501416666667;0.126
2010-02-11;0.126;0.126;0.126;116.684833333333;0.126
2010-02-12;0.126;0.126;0.126;116.8685;0.126
2010-02-13;0.126;0.126;0.126;116.73075;0.126
2010-02-14;-0.377833333333333;-2.897;0.126;116.913916666667;-1.3855
2010-02-15;-5.20816666666667;-9.455;-2.393;115.2095;-5.924
2010-02-16;-1.84716666666667;-3.905;-0.378;115.948583333333;-2.1415
2010-02-17;0.126;0.126;0.126;116.730333333333;0.126
2010-02-18;0.336;0.126;0.63;114.1775;0.378
2010-02-19;0.21;0.126;0.63;114.547416666667;0.378
2010-02-20;0.126;0.126;0.126;116.63875;0.126
2010-02-21;-0.461583333333333;-1.889;0.126;116.085083333333;-0.8815
2010-02-22;-0.125833333333333;-1.385;0.63;116.591916666667;-0.3775
2010-02-23;0.755666666666667;0.126;1.637;113.586583333333;0.8815
2010-02-24;0.461833333333333;0.126;1.133;114.977166666667;0.6295
2010-02-25;1.34266666666667;0.126;3.146;111.518583333333;1.636
2010-02-26;0.629583333333333;-0.378;2.14;107.1995;0.881
2010-02-27;-0.797916666666667;-3.905;2.14;96.0006666666667;-0.8825
2010-02-28;3.18791666666667;-0.378;7.17;103.09625;3.396
2010-03-01;0.5025;-3.905;7.17;88.0669166666667;1.6325
2010-03-02;0.62875;-1.385;7.17;95.3596666666667;2.8925
2010-03-03;0.378;0.126;0.63;96.0871666666667;0.378
2010-03-04;-0.209916666666667;-2.897;0.126;112.740583333333;-1.3855
2010-03-05;-3.86408333333333;-9.455;-0.378;113.398166666667;-4.9165
2010-03-06;-4.915;-9.96;-0.378;110.445083333333;-5.169
2010-03-07;-3.02408333333333;-8.445;0.126;115.024166666667;-4.1595
2010-03-08;-2.47766666666667;-6.931;0.126;114.701083333333;-3.4025
2010-03-09;-3.06516666666667;-5.418;0.126;115.3445;-2.646
2010-03-10;-2.81333333333333;-5.418;0.126;113.956916666667;-2.646
2010-03-11;-2.98191666666667;-6.427;0.126;113.954416666667;-3.1505
2010-03-12;-2.26758333333333;-5.922;0.126;114.701083333333;-2.898
2010-03-13;-2.22533333333333;-4.913;0.63;112.754;-2.1415
2010-03-14;-1.55366666666667;-4.913;1.133;113.535083333333;-1.89
2010-03-15;-2.18316666666667;-4.409;0.126;108.769833333333;-2.1415
2010-03-16;-1.38758333333333;-6.427;6.164;98.51225;-0.1315
2010-03-17;2.05475;-1.889;7.17;71.7786666666667;2.6405
2010-03-18;4.19408333333333;2.14;7.672;46.7424166666667;4.906
2010-03-19;6.2895;3.65;10.184;65.1511666666667;6.917
2010-03-20;7.62991666666667;5.661;10.184;89.3331666666667;7.9225
2010-03-21;6.3315;4.153;9.682;101.674416666667;6.9175
2010-03-22;5.36725;2.643;9.682;108.609916666667;6.1625
2010-03-23;4.90425;0.126;12.192;99.7835;6.159
2010-03-24;6.498;1.637;12.192;90.38725;6.9145
2010-03-25;6.541;4.656;10.184;82.4331666666667;7.42
2010-03-26;2.39066666666667;0.126;6.164;103.6515;3.145
2010-03-27;0.336;0.126;0.63;113.015166666667;0.378
2010-03-28;0.904454545454546;0.63;1.637;114.564636363636;1.1335
2010-03-29;3.27166666666667;0.63;7.17;100.545083333333;3.9
2010-03-30;1.55216666666667;-0.378;3.65;98.1640833333333;1.636
2010-03-31;-0.042;-0.378;0.126;109.30075;-0.126
2010-04-01;0.126;0.126;0.126;114.138;0.126
2010-04-02;0.042;-0.378;0.126;115.48625;-0.126
2010-04-03;0.377916666666667;0.126;1.133;115.164833333333;0.6295
2010-04-04;0.168;0.126;0.63;115.488166666667;0.378
2010-04-05;0.126;0.126;0.126;115.856583333333;0.126
2010-04-06;1.04908333333333;0.126;3.65;105.761;1.888
2010-04-07;3.73291666666667;0.126;7.672;84.928;3.899
2010-04-08;0.96525;0.126;2.643;113.301416666667;1.3845
2010-04-09;4.44408333333333;0.126;10.184;107.353333333333;5.155
2010-04-10;5.4495;0.63;13.196;103.67175;6.913
2010-04-11;3.01933333333333;-1.385;8.677;95.9254166666667;3.646
2010-04-12;-0.713666666666667;-2.897;1.637;106.937;-0.63
2010-04-13;0.880666666666667;-2.393;5.661;107.415;1.634
2010-04-14;0.963333333333333;-3.905;7.17;99.12025;1.6325
2010-04-15;1.34191666666667;-1.889;5.661;99.8625833333333;1.886
2010-04-16;3.438;0.126;9.682;103.252583333333;4.904
2010-04-17;4.69441666666667;0.126;13.196;95.1896666666667;6.661
2010-04-18;5.53341666666667;1.133;11.188;94.4558333333333;6.1605
2010-04-19;6.9565;1.637;14.701;86.8499166666667;8.169
2010-04-20;7.50158333333333;2.643;15.704;78.6649166666667;9.1735
2010-04-21;8.96658333333333;3.146;15.704;72.05475;9.425
2010-04-22;9.05125;3.65;15.704;79.8475;9.677
2010-04-23;9.26133333333333;5.159;16.206;88.63675;10.6825
2010-04-24;9.17675;4.153;16.206;87.5205833333333;10.1795
2010-04-25;11.6435;5.661;20.214;70.7971666666667;12.9375
2010-04-26;9.51283333333333;5.159;15.203;84.2420833333333;10.181
2010-04-27;9.76158333333333;3.146;16.707;83.4910833333333;9.9265
2010-04-28;11.7695;5.159;22.717;73.123;13.938
2010-04-29;14.2794166666667;8.677;22.717;60.4759166666667;15.697
2010-04-30;10.85275;7.672;17.709;70.1980833333333;12.6905
2010-05-01;8.09091666666667;6.164;9.682;83.8153333333333;7.923
2010-05-02;6.41525;4.153;8.677;105.86025;6.415
2010-05-03;3.77541666666667;2.643;5.159;109.208833333333;3.901
2010-05-04;3.356;1.133;5.159;112.13875;3.146
2010-05-05;2.39116666666667;0.126;3.146;112.137916666667;1.636
2010-05-06;1.34291666666667;0.126;2.643;112.5555;1.3845
2010-05-07;2.22308333333333;-0.378;7.17;110.693916666667;3.396
2010-05-08;4.19391666666667;1.133;7.672;105.344833333333;4.4025
2010-05-09;4.52983333333333;1.637;7.17;102.89975;4.4035
2010-05-10;7.21075;4.656;11.188;109.033916666667;7.922
2010-05-11;6.20583333333333;3.146;9.18;106.500416666667;6.163
2010-05-12;5.03258333333333;2.14;8.175;110.818583333333;5.1575
2010-05-13;4.48783333333333;3.146;7.17;112.13475;5.158
2010-05-14;2.89466666666667;1.637;4.153;113.539583333333;2.895
2010-05-15;1.04941666666667;0.63;1.637;115.11875;1.1335
2010-05-16;1.51058333333333;0.126;3.146;111.650916666667;1.636
2010-05-17;3.10358333333333;0.126;6.164;105.841583333333;3.145
2010-05-18;5.78466666666667;0.63;11.188;98.06575;5.909
2010-05-19;4.23516666666667;0.126;8.677;91.9511666666667;4.4015
2010-05-20;6.70408333333333;-0.378;14.701;92.7035;7.1615
2010-05-21;9.84491666666667;3.146;16.707;94.5921666666667;9.9265
2010-05-22;11.60125;3.65;20.715;87.3195833333333;12.1825
2010-05-23;13.3576666666667;6.164;24.218;79.0704166666667;15.191
2010-05-24;15.363;7.17;25.719;76.1748333333333;16.4445
2010-05-25;16.4079166666667;8.677;26.219;57.7806666666667;17.448
2010-05-26;14.1544166666667;8.677;22.717;55.3545833333333;15.697
2010-05-27;10.3498333333333;6.164;17.208;97.3060833333333;11.686
2010-05-28;9.01066666666667;4.656;14.701;100.90525;9.6785
2010-05-29;11.0175;4.656;18.711;92.6134166666667;11.6835
2010-05-30;9.47241666666667;8.175;12.694;105.69025;10.4345
2010-05-31;9.38783333333333;6.164;14.2;104.227166666667;10.182
2010-06-01;7.46016666666667;2.14;16.206;98.87175;9.173
2010-06-02;7.62966666666667;5.661;11.69;98.7506666666667;8.6755
2010-06-03;10.8066666666667;3.146;18.21;94.3906666666667;10.678
2010-06-04;15.11075;6.164;25.219;87.46625;15.6915
2010-06-05;15.5330833333333;9.18;21.716;90.29725;15.448
2010-06-06;15.70175;11.69;23.218;83.306;17.454
2010-06-07;14.9071666666667;10.184;22.717;95.9541666666667;16.4505
2010-06-08;14.6164166666667;10.686;18.711;72.4614166666667;14.6985
2010-06-09;16.9549166666667;12.694;25.219;60.8394166666667;18.9565
2010-06-10;18.6265833333333;14.2;24.719;58.8344166666667;19.4595
2010-06-11;16.119;11.69;27.718;77.0605833333333;19.704
2010-06-12;12.48425;10.184;17.208;100.60475;13.696
2010-06-13;13.7791666666667;9.18;20.715;90.6891666666667;14.9475
2010-06-14;11.56275;6.667;19.212;101.550666666667;12.9395
2010-06-15;9.30508333333333;8.175;11.188;111.20325;9.6815
2010-06-16;10.9785833333333;8.677;15.203;110.207083333333;11.94
2010-06-17;8.96941666666667;5.159;13.196;109.942166666667;9.1775
2010-06-18;10.0148333333333;5.159;16.707;106.34425;10.933
2010-06-19;7.67208333333333;5.159;9.682;110.622;7.4205
2010-06-20;2.97858333333333;2.14;4.656;114.425333333333;3.398
2010-06-21;4.5042;3.146;6.667;112.9334;4.9065
2010-06-22;8.11025;2.14;13.196;104.0585;7.668
2010-06-23;11.997875;3.65;21.716;94.740625;12.683
2010-06-24;14.255625;5.661;25.219;88.41675;15.44
2010-06-25;16.074;7.17;25.219;81.379;16.1945
2010-06-26;17.139;8.677;27.718;77.11675;18.1975
2010-06-27;18.703125;9.18;29.717;72.09925;19.4485
2010-06-28;19.268875;11.69;27.718;76.175875;19.704
2010-06-29;19.143875;12.694;30.716;76.94575;21.705
2010-06-30;19.831625;10.686;31.215;75.19925;20.9505
2010-07-01;18.83375;12.694;25.219;80.146625;18.9565
2010-07-02;18.394625;12.192;27.718;89.843125;19.955
2010-07-03;20.77125;12.694;30.216;72.046875;21.455
2010-07-04;18.08275;12.192;25.219;86.81125;18.7055
2010-07-05;18.020875;14.701;23.718;83.36225;19.2095
2010-07-06;15.952875;11.69;21.716;84.26225;16.703
2010-07-07;20.141375;8.677;32.213;71.84;20.445
2010-07-08;22.5215;13.698;33.71;62.634625;23.704
2010-07-09;23.709875;15.203;35.207;50.525625;25.205
2010-07-10;21.586375;16.206;34.209;74.877875;25.2075
2010-07-11;21.898;14.701;31.215;75.237625;22.958
2010-07-12;22.64975;15.704;30.716;62.058125;23.21
2010-07-13;22.96075;13.698;35.207;59.584875;24.4525
2010-07-14;22.839625;18.711;30.216;44.24875;24.4635
2010-07-15;21.337;15.704;29.717;71.2735;22.7105
2010-07-16;21.272;13.196;31.714;68.473375;22.455
2010-07-17;16.392625;13.196;22.217;82.73175;17.7065
2010-07-18;16.824;8.175;26.719;71.454875;17.447
2010-07-19;19.7035;9.682;30.716;62.807;20.199
2010-07-20;20.769;12.192;31.215;53.783625;21.7035
2010-07-21;18.71;14.701;23.718;63.05775;19.2095
2010-07-22;17.206625;13.698;24.218;78.942625;18.958
2010-07-23;14.19825;10.686;20.715;100.234;15.7005
2010-07-24;10.8725;5.661;17.709;93.603125;11.685
2010-07-25;13.002;5.661;21.716;81.24525;13.6885
2010-07-26;14.1945;7.672;24.218;76.785625;15.945
2010-07-27;13.696;10.184;20.715;91.527375;15.4495
2010-07-28;16.009375;8.175;26.719;75.13375;17.447
2010-07-29;12.0665;9.18;14.2;99.38175;11.69
2010-07-30;10.685125;5.661;14.701;94.93875;10.181
2010-07-31;15.381875;7.17;27.219;77.997375;17.1945
2010-08-01;18.514375;11.188;31.215;68.824625;21.2015
2010-08-02;15.39;12.192;18.711;86.1465;15.4515
2010-08-03;12.066375;9.682;15.203;100.821875;12.4425
2010-08-04;13.566875;7.17;22.217;86.77;14.6935
2010-08-05;9.24225;7.672;10.686;106.271875;9.179
2010-08-06;9.86775;5.159;16.206;96.02925;10.6825
2010-08-07;12.749125;5.159;23.218;81.68875;14.1885
2010-08-08;16.450125;10.184;26.719;71.1435;18.4515
2010-08-09;18.076875;11.188;31.215;69.01925;21.2015
2010-08-10;16.765875;10.184;25.219;80.778;17.7015
2010-08-11;17.267125;12.694;25.219;79.276125;18.9565
2010-08-12;15.38925;11.188;21.216;89.283625;16.202
2010-08-13;12.2525;6.667;19.212;90.864875;12.9395
2010-08-14;10.30925;8.175;13.196;101.994375;10.6855
2010-08-15;10.246375;7.17;14.2;104.9365;10.685
2010-08-16;8.111625;5.661;10.686;107.20675;8.1735
2010-08-17;13.129;8.175;20.715;89.4595;14.445
2010-08-18;12.943125;8.175;18.21;80.8245;13.1925
2010-08-19;17.14125;11.69;25.219;81.013375;18.4545
2010-08-20;15.578125;13.196;20.214;99.830625;16.705
2010-08-21;17.45325;11.188;27.219;90.590875;19.2035
2010-08-22;18.892375;12.192;30.216;65.8335;21.204
2010-08-23;18.836;17.208;22.717;63.7425;19.9625
2010-08-24;17.26975;14.701;22.217;84.493625;18.459
2010-08-25;15.63275;7.17;28.718;72.429875;17.944
2010-08-26;20.771;13.698;32.712;60.6755;23.205
2010-08-27;19.14875;15.704;23.218;72.0185;19.461
2010-08-28;11.18775;7.672;14.2;99.205875;10.936
2010-08-29;9.5515;3.65;19.212;88.191875;11.431
2010-08-30;8.236375;5.661;14.2;89.94225;9.9305
2010-08-31;8.297;2.643;15.704;91.138625;9.1735
2010-09-01;12.12175;4.153;24.719;75.85775;14.436
2010-09-02;13.127;7.17;24.719;73.788375;15.9445
2010-09-03;13.44025;7.672;24.218;71.197125;15.945
2010-09-04;13.691375;7.17;24.218;65.754125;15.694
2010-09-05;14.192625;7.672;25.219;71.923125;16.4455
2010-09-06;16.32575;10.184;27.219;53.0905;18.7015
2010-09-07;12.00375;10.184;13.196;92.377625;11.69
2010-09-08;9.49225;5.661;13.196;95.8335;9.4285
2010-09-09;7.796875;4.656;11.188;101.247;7.922
2010-09-10;9.36525;4.656;16.206;95.6525;10.431
2010-09-11;11.872375;4.656;21.716;87.74775;13.186
2010-09-12;14.07;9.682;23.718;83.370875;16.7
2010-09-13;9.42975;4.656;13.196;97.502125;8.926
2010-09-14;9.7405;3.65;17.709;91.60725;10.6795
2010-09-15;13.692375;8.175;23.718;70.21675;15.9465
2010-09-16;12.9435;10.184;18.711;84.177125;14.4475
2010-09-17;10.121125;8.677;12.192;106.917375;10.4345
2010-09-18;7.295125;6.164;8.677;110.423875;7.4205
2010-09-19;7.858125;2.643;14.701;103.649875;8.672
2010-09-20;11.62375;4.153;19.212;88.167375;11.6825
2010-09-21;10.558125;5.661;17.208;93.7555;11.4345
2010-09-22;11.812625;6.667;18.21;95.733625;12.4385
2010-09-23;12.50425;8.175;19.212;81.026;13.6935
2010-09-24;8.614125;5.159;10.686;95.1405;7.9225
2010-09-25;4.655875;3.65;5.661;110.56425;4.6555
2010-09-26;2.58025;1.637;5.159;110.6995;3.398
2010-09-27;3.2715;0.126;7.672;107.0655;3.899
2010-09-28;3.8995;0.126;10.686;105.629;5.406
2010-09-29;6.035;1.133;14.2;100.293;7.6665
2010-09-30;6.979625;2.643;11.69;105.29;7.1665
2010-10-01;7.85825;2.643;15.203;98.590125;8.923
2010-10-02;11.37325;6.667;19.212;72.8065;12.9395
2010-10-03;13.069125;9.682;19.713;67.079125;14.6975
2010-10-04;11.376125;8.677;13.698;81.62525;11.1875
2010-10-05;9.116375;7.17;12.192;106.842125;9.681
2010-10-06;10.557375;5.661;18.21;91.25975;11.9355
2010-10-07;12.503;6.164;19.713;70.903375;12.9385
2010-10-08;15.70375;13.196;18.711;59.356625;15.9535
2010-10-09;13.56975;8.677;21.716;82.093625;15.1965
2010-10-10;11.43875;9.18;16.206;90.803375;12.693
2010-10-11;8.174625;6.667;10.686;88.561125;8.6765
2010-10-12;7.418625;4.153;16.707;87.934625;10.43
2010-10-13;6.037375;3.146;13.196;102.447875;8.171
2010-10-14;5.15825;3.146;9.18;107.887;6.163
2010-10-15;4.341375;3.146;6.164;109.781625;4.655
2010-10-16;1.196;0.63;2.14;112.116375;1.385
2010-10-17;1.385;0.63;2.643;113.65975;1.6365
2010-10-18;1.951375;1.637;2.643;114.4255;2.14
2010-10-19;1.132875;-1.385;2.643;113.23675;0.629
2010-10-20;1.259;-0.378;2.14;112.676;0.881
2010-10-21;-0.8195;-3.905;5.661;105.39125;0.878
2010-10-22;3.52275;-0.378;8.175;80.49975;3.8985
2010-10-23;5.03225;2.643;8.677;93.9125;5.66
2010-10-24;3.460875;0.63;5.159;108.45975;2.8945
2010-10-25;-0.126;-1.889;2.14;112.81925;0.1255
2010-10-26;-0.5665;-1.889;0.63;113.44525;-0.6295
2010-10-27;-0.62975;-2.393;1.637;112.4475;-0.378
2010-10-28;3.6495;1.637;5.159;104.505;3.398
2010-10-29;7.922625;4.153;10.686;74.14375;7.4195
2010-10-30;7.4835;4.153;9.682;66.711375;6.9175
2010-10-31;4.48811111111111;3.146;5.661;108.349666666667;4.4035
2010-11-01;5.53575;4.153;7.17;110.774625;5.6615
2010-11-02;3.775625;3.146;4.656;113.241;3.901
2010-11-03;4.592375;1.133;8.175;110.979625;4.654
2010-11-04;5.47275;4.153;7.672;111.05475;5.9125
2010-11-05;5.158375;3.146;7.17;107.839375;5.158
2010-11-06;5.284375;4.153;7.17;103.7105;5.6615
2010-11-07;2.705875;0.126;5.159;111.61775;2.6425
2010-11-08;-0.188875;-1.889;0.63;110.443875;-0.6295
2010-11-09;0.818375;0.126;1.637;108.550625;0.8815
2010-11-10;0.88125;0.126;2.14;110.610875;1.133
2010-11-11;-0.252125;-2.897;3.146;108.345625;0.1245
2010-11-12;6.289875;4.153;8.175;112.115375;6.164
2010-11-13;6.918125;4.656;9.18;91.388875;6.918
2010-11-14;8.80275;7.17;10.686;76.901375;8.928
2010-11-15;3.9625;0.63;8.677;100.28475;4.6535
2010-11-16;1.07025;0.126;2.14;114.077875;1.133
2010-11-17;1.259125;0.126;2.14;109.003625;1.133
2010-11-18;0.88125;-0.881;2.643;110.61675;0.881
2010-11-19;-1.196375;-2.897;0.126;105.16825;-1.3855
2010-11-20;0.69275;0.126;1.637;107.165625;0.8815
2010-11-21;0.252;-0.378;0.63;107.775875;0.126
2010-11-22;0.000125;-0.881;0.63;113.306125;-0.1255
2010-11-23;-1.25925;-1.889;0.126;114.0765;-0.8815
2010-11-24;-0.818625;-3.905;1.133;114.559875;-1.386
2010-11-25;-2.960375;-5.922;0.126;111.04125;-2.898
2010-11-26;0.94425;0.126;2.14;115.53525;1.133
2010-11-27;-0.125875;-1.889;1.133;113.3385;-0.378
2010-11-28;1.007125;-0.378;2.643;115.049625;1.1325
2010-11-29;-3.654;-6.427;1.637;100.40625;-2.395
2010-11-30;-1.76325;-4.409;0.126;103.458875;-2.1415
2010-12-01;0.063;-0.378;0.63;115.7425;0.126
2010-12-02;-3.842625;-6.427;0.126;111.442;-3.1505
2010-12-03;-0.126375;-5.418;1.637;114.7595;-1.8905
2010-12-04;0.503875;-1.385;1.637;115.603875;0.126
2010-12-05;-1.700375;-4.409;1.637;110.214;-1.386
2010-12-06;5.09575;3.65;6.164;108.701375;4.907
2010-12-07;5.97575;4.153;7.17;101.335125;5.6615
2010-12-08;6.792625;5.159;8.175;95.375125;6.667
2010-12-09;-2.079625;-6.931;4.656;109.608375;-1.1375
2010-12-10;-4.78775;-7.436;-2.393;97.861875;-4.9145
2010-12-11;-0.504125;-3.401;2.14;95.0245;-0.6305
2010-12-12;-1.952375;-4.409;1.133;91.527625;-1.638
2010-12-13;-6.742;-8.445;-4.913;109.138375;-6.679
2010-12-14;-8.193;-9.96;-4.913;99.427;-7.4365
2010-12-15;-9.202625;-11.475;-6.931;107.118;-9.203
2010-12-16;-8.82425;-10.97;-4.913;106.6205;-7.9415
2010-12-17;-1.00725;-2.393;-0.378;114.286625;-1.3855
2010-12-18;-1.574125;-3.905;-0.378;114.49475;-2.1415
2010-12-19;-1.1965;-3.401;0.63;112.228375;-1.3855
2010-12-20;-0.31475;-1.889;1.637;106.69925;-0.126
2010-12-21;0.81825;-1.889;2.643;107.985;0.377
2010-12-22;4.592875;3.146;5.661;106.540875;4.4035
2010-12-23;2.957625;1.637;4.656;110.200125;3.1465
2010-12-24;-3.08675;-5.922;1.637;112.314625;-2.1425
2010-12-25;-1.700375;-4.913;-0.378;115.672;-2.6455
2010-12-26;-1.070125;-2.393;-0.378;115.812;-1.3855
2010-12-27;-1.44825;-2.897;-0.378;115.396375;-1.6375
2010-12-28;-0.37775;-1.889;0.126;115.811375;-0.8815
2010-12-29;0.063125;-0.881;0.63;111.616625;-0.1255
2010-12-30;0.189;0.126;0.63;114.911125;0.378
2010-12-31;-0.25175;-1.385;0.63;111.3185;-0.3775
2011-01-01;-2.330125;-4.409;0.126;113.1695;-2.1415
2011-01-02;-3.401125;-5.418;-2.393;114.558125;-3.9055
2011-01-03;-4.28325;-5.418;-3.401;114.564625;-4.4095
2011-01-04;-1.51125;-3.905;0.126;114.282;-1.8895
2011-01-05;-1.3855;-3.905;0.63;104.562375;-1.6375
2011-01-06;2.643;0.63;4.656;106.307375;2.643
2011-01-07;5.5355;4.656;6.164;103.835625;5.41
2011-01-08;4.844375;4.153;5.661;90.335;4.907
2011-01-09;2.768875;0.126;5.159;99.648875;2.6425
2011-01-10;0.50375;-0.378;1.637;111.53725;0.6295
2011-01-11;-0.755625;-3.401;0.63;106.724375;-1.3855
2011-01-12;0.189;-0.378;0.63;114.351625;0.126
2011-01-13;1.888125;1.133;3.146;115.117375;2.1395
2011-01-14;2.014125;0.63;4.656;91.660375;2.643
2011-01-15;0.062875;-0.378;1.133;98.394625;0.3775
2011-01-16;3.586375;0.63;6.667;66.431125;3.6485
2011-01-17;3.837375;0.63;6.164;74.882375;3.397
2011-01-18;0.5035;-0.881;2.643;99.333;0.881
2011-01-19;-2.456375;-6.427;-0.378;106.970375;-3.4025
2011-01-20;-6.99425;-8.445;-4.409;107.10875;-6.427
2011-01-21;-7.24675;-9.455;-4.913;110.98275;-7.184
2011-01-22;-7.625;-8.95;-5.922;110.8455;-7.436
2011-01-23;-8.698625;-11.98;-3.905;109.70725;-7.9425
2011-01-24;-8.761;-10.465;-6.427;107.27325;-8.446
2011-01-25;-7.12075;-9.455;-4.409;108.416375;-6.932
2011-01-26;-5.29175;-7.436;-3.401;104.732;-5.4185
2011-01-27;-5.039875;-7.94;-3.401;96.58725;-5.6705
2011-01-28;-3.653625;-6.427;-0.378;85.252375;-3.4025
2011-01-29;-2.39325;-4.409;0.63;80.803875;-1.8895
2011-01-30;-2.771375;-4.409;0.126;100.513125;-2.1415
2011-01-31;-3.086;-4.409;-1.889;94.8625;-3.149
2011-02-01;-4.72425;-5.922;-3.401;94.535;-4.6615
2011-02-02;-6.2375;-7.94;-3.905;94.401125;-5.9225
2011-02-03;-2.52;-7.94;1.637;83.772625;-3.1515
2011-02-04;-1.385375;-3.401;0.126;107.66225;-1.6375
2011-02-05;0.691875;-3.401;3.65;72.072125;0.1245
2011-02-06;1.825125;-0.881;4.153;54.54275;1.636
2011-02-07;5.85;5.159;7.17;34.239625;6.1645
2011-02-08;1.070125;0.126;2.643;54.67025;1.3845
2011-02-09;1.007;-0.378;2.643;59.394375;1.1325
2011-02-10;0.629625;-0.881;2.14;55.002875;0.6295
2011-02-11;0.88125;-0.378;2.643;65.46275;1.1325
2011-02-12;1.57325;-1.385;5.159;76.638125;1.887
2011-02-13;1.258625;-1.889;3.65;83.91025;0.8805
2011-02-14;1.95125;0.63;4.153;92.748;2.3915
2011-02-15;0.000125;-1.385;0.63;106.800625;-0.3775
2011-02-16;-0.315125;-2.393;3.65;104.697375;0.6285
2011-02-17;-0.189125;-1.889;4.153;97.844625;1.132
2011-02-18;-2.01525;-3.401;-0.378;95.936375;-1.8895
2011-02-19;-0.756375;-3.905;3.146;83.022375;-0.3795
2011-02-20;-0.629625;-2.393;1.133;106.409375;-0.63
2011-02-21;-1.4485;-3.401;2.14;105.447875;-0.6305
2011-02-22;-0.818625;-3.401;1.637;107.828625;-0.882
2011-02-23;-3.149125;-4.913;-0.378;103.65975;-2.6455
2011-02-24;0.125625;-3.401;2.643;105.706375;-0.379
2011-02-25;0.6295;-0.881;3.146;107.669875;1.1325
2011-02-26;0.943625;-1.385;6.667;100.3215;2.641
2011-02-27;0.126;0.126;0.126;113.170375;0.126
2011-02-28;0.126;0.126;0.126;114.35575;0.126
2011-03-01;0.126;0.126;0.126;114.4255;0.126
2011-03-02;0.189;0.126;0.63;115.11875;0.378
2011-03-03;0;-0.378;0.126;115.534875;-0.126
2011-03-04;-0.125875;-0.881;0.126;115.81175;-0.3775
2011-03-05;-0.251625;-0.881;0.126;115.5355;-0.3775
2011-03-06;-0.7555;-1.889;0.126;113.712125;-0.8815
2011-03-07;-0.6295;-2.897;0.63;112.882;-1.1335
2011-03-08;-0.062875;-0.881;0.63;114.005375;-0.1255
2011-03-09;-1.32225;-2.897;0.126;113.365125;-1.3855
2011-03-10;-1.0075;-2.897;0.63;111.196875;-1.1335
2011-03-11;-0.56675;-2.897;1.133;109.69625;-0.882
2011-03-12;0.755625;0.126;2.643;109.18025;1.3845
2011-03-13;1.51075;0.63;3.146;109.24175;1.888
2011-03-14;3.64875;1.637;9.18;100.868375;5.4085
2011-03-15;3.39775;1.133;6.164;99.206;3.6485
2011-03-16;2.89425;0.63;8.175;107.54875;4.4025
2011-03-17;0.755625;0.126;1.133;114.771125;0.6295
2011-03-18;2.013125;-0.378;8.175;109.881625;3.8985
2011-03-19;0.8185;-0.378;2.14;115.18825;0.881
2011-03-20;-0.126125;-1.889;2.643;112.030125;0.377
2011-03-21;0.061875;-3.905;4.656;108.398375;0.3755
2011-03-22;1.634625;-2.393;8.175;97.700375;2.891
2011-03-23;3.520875;-0.881;12.192;89.095875;5.6555
2011-03-24;6.286375;0.63;13.698;79.333625;7.164
2011-03-25;6.475625;2.14;13.698;70.92175;7.919
2011-03-26;5.280125;-0.378;13.196;65.406;6.409
2011-03-27;3.21842857142857;1.637;5.159;90.3775714285714;3.398
2011-03-28;3.272;1.637;5.661;111.198375;3.649
2011-03-29;3.08275;0.126;7.17;109.8415;3.648
2011-03-30;4.151875;1.637;8.175;109.225;4.906
2011-03-31;4.9685;1.133;10.184;107.79675;5.6585
2011-04-01;7.605875;1.637;15.203;98.547;8.42
2011-04-02;10.99825;6.164;17.208;71.366875;11.686
2011-04-03;11.374875;7.17;17.208;65.062125;12.189
2011-04-04;5.28375;1.637;8.677;103.2445;5.157
2011-04-05;6.66125;0.63;15.704;75.813125;8.167
2011-04-06;11.120625;4.153;20.214;50.750875;12.1835
2011-04-07;13.37875;7.17;22.217;61.122875;14.6935
2011-04-08;13.12875;7.672;22.217;74.540625;14.9445
2011-04-09;13.377125;6.164;23.718;71.695125;14.941
2011-04-10;13.50525;8.175;22.717;55.305375;15.446
2011-04-11;10.99525;5.159;19.713;70.913875;12.436
2011-04-12;5.723875;2.14;7.672;100.94375;4.906
2011-04-13;3.70725;-2.393;12.192;73.559;4.8995
2011-04-14;4.338;-0.881;13.196;66.61525;6.1575
2011-04-15;2.326375;-2.393;8.677;82.1325;3.142
2011-04-16;5.15275;-1.385;14.2;67.92225;6.4075
2011-04-17;6.03375;0.63;15.704;71.7575;8.167
2011-04-18;7.22925;2.14;16.206;71.24375;9.173
2011-04-19;9.614;4.153;18.711;66.37525;11.432
2011-04-20;9.3635;3.146;19.212;71.879;11.179
2011-04-21;9.92925;4.153;18.21;61.941625;11.1815
2011-04-22;9.928;3.65;19.212;70.521125;11.431
2011-04-23;7.797;4.656;12.694;94.972625;8.675
2011-04-24;8.173125;3.65;13.196;102.4615;8.423
2011-04-25;9.8055;6.164;17.208;96.909;11.686
2011-04-26;10.244;6.164;17.208;84.6985;11.686
2011-04-27;7.7315;2.14;16.707;82.152625;9.4235
2011-04-28;5.158375;3.146;8.175;103.689875;5.6605
2011-04-29;5.158;2.14;9.18;106.895;5.66
2011-04-30;7.102;1.133;17.709;91.618875;9.421
2011-05-01;7.795375;3.146;15.203;88.825;9.1745
2011-05-02;8.9885;5.159;16.707;89.113375;10.933
2011-05-03;7.106;4.153;12.192;100.890625;8.1725
2011-05-04;7.85825;4.153;14.701;88.911375;9.427
2011-05-05;9.614625;3.65;17.709;73.66575;10.6795
2011-05-06;11.62475;7.17;18.21;62.9105;12.69
2011-05-07;13.068375;8.677;20.715;50.327;14.696
2011-05-08;16.954;11.188;25.219;47.63725;18.2035
2011-05-09;15.073125;9.18;22.717;69.2175;15.9485
2011-05-10;14.007375;7.672;21.216;78.292;14.444
2011-05-11;14.88475;9.18;24.719;76.71475;16.9495
2011-05-12;13.945;8.677;23.718;79.612125;16.1975
2011-05-13;13.818625;8.175;22.717;83.780375;15.446
2011-05-14;9.242125;7.17;12.192;95.374625;9.681
2011-05-15;4.02675;2.643;6.164;105.629;4.4035
2011-05-16;6.724875;0.63;15.203;92.795125;7.9165
2011-05-17;11.306125;4.153;21.716;81.53;12.9345
2011-05-18;10.934875;6.164;16.707;75.834625;11.4355
2011-05-19;11.6245;5.661;18.711;78.8535;12.186
2011-05-20;11.4375;7.17;17.709;86.000625;12.4395
2011-05-21;10.120125;6.667;15.203;96.889;10.935
2011-05-22;13.818375;7.17;21.716;86.0895;14.443
2011-05-23;15.947375;8.175;26.219;83.31175;17.197
2011-05-24;15.320125;7.672;27.219;68.67075;17.4455
2011-05-25;16.133375;7.17;28.218;70.37325;17.694
2011-05-26;16.13975;11.188;24.218;66.621625;17.703
2011-05-27;9.242;6.164;11.69;99.6655;8.927
2011-05-28;9.29775;1.637;19.212;84.66375;10.4245
2011-05-29;13.748625;3.146;26.219;76.72225;14.6825
2011-05-30;14.9495;10.184;22.217;66.091125;16.2005
2011-05-31;9.80625;4.153;13.196;91.983875;8.6745
2011-06-01;3.020625;0.63;4.656;112.258375;2.643
2011-06-02;8.173875;5.159;11.69;109.340875;8.4245
2011-06-03;12.815875;7.17;20.715;97.224;13.9425
2011-06-04;12.44125;9.18;19.713;100.10425;14.4465
2011-06-05;10.93625;8.175;16.206;97.156;12.1905
2011-06-06;10.998375;6.164;17.208;97.218375;11.686
2011-06-07;11.188;9.682;13.698;104.893875;11.69
2011-06-08;7.60925;6.164;9.682;108.6345;7.923
2011-06-09;7.733;2.643;14.2;99.625875;8.4215
2011-06-10;10.680875;3.65;20.214;90.087875;11.932
2011-06-11;8.551375;6.667;11.188;103.69075;8.9275
2011-06-12;11.55975;5.661;20.715;89.085125;13.188
2011-06-13;14.06925;6.667;23.218;82.088625;14.9425
2011-06-14;14.3225;8.677;19.713;91.96025;14.195
2011-06-15;15.19925;9.18;22.717;91.38175;15.9485
2011-06-16;12.94375;10.184;19.713;95.96825;14.9485
2011-06-17;13.007;10.184;17.709;100.2005;13.9465
2011-06-18;10.936875;9.18;14.701;103.85375;11.9405
2011-06-19;11.18475;4.656;18.21;91.57525;11.433
2011-06-20;14.87725;5.159;27.718;80.121375;16.4385
2011-06-21;17.76475;11.188;32.712;76.104375;21.95
2011-06-22;16.705625;14.2;22.717;82.909125;18.4585
2011-06-23;13.258125;10.686;17.709;99.595;14.1975
2011-06-24;12.126375;7.17;22.217;94.616875;14.6935
2011-06-25;15.31575;5.661;28.218;76.272125;16.9395
2011-06-26;20.200125;10.686;35.207;73.533875;22.9465
2011-06-27;22.58125;13.196;36.703;67.03775;24.9495
2011-06-28;NA;NA;NA;NA;NA
2011-06-29;NA;NA;NA;NA;NA
2011-06-30;NA;NA;NA;NA;NA
2011-07-01;NA;NA;NA;NA;NA
2011-07-02;NA;NA;NA;NA;NA
2011-07-03;NA;NA;NA;NA;NA
2011-07-04;NA;NA;NA;NA;NA
2011-07-05;NA;NA;NA;NA;NA
2011-07-06;NA;NA;NA;NA;NA
2011-07-07;NA;NA;NA;NA;NA
2011-07-08;NA;NA;NA;NA;NA
2011-07-09;NA;NA;NA;NA;NA
2011-07-10;NA;NA;NA;NA;NA
2011-07-11;NA;NA;NA;NA;NA
2011-07-12;NA;NA;NA;NA;NA
2011-07-13;NA;NA;NA;NA;NA
2011-07-14;NA;NA;NA;NA;NA
2011-07-15;NA;NA;NA;NA;NA
2011-07-16;NA;NA;NA;NA;NA
2011-07-17;NA;NA;NA;NA;NA
2011-07-18;NA;NA;NA;NA;NA
2011-07-19;NA;NA;NA;NA;NA
2011-07-20;NA;NA;NA;NA;NA
2011-07-21;NA;NA;NA;NA;NA
2011-07-22;NA;NA;NA;NA;NA
2011-07-23;NA;NA;NA;NA;NA
2011-07-24;NA;NA;NA;NA;NA
2011-07-25;NA;NA;NA;NA;NA
2011-07-26;NA;NA;NA;NA;NA
2011-07-27;NA;NA;NA;NA;NA
2011-07-28;NA;NA;NA;NA;NA
2011-07-29;NA;NA;NA;NA;NA
2011-07-30;NA;NA;NA;NA;NA
2011-07-31;NA;NA;NA;NA;NA
2011-08-01;NA;NA;NA;NA;NA
2011-08-02;NA;NA;NA;NA;NA
2011-08-03;NA;NA;NA;NA;NA
2011-08-04;NA;NA;NA;NA;NA
2011-08-05;NA;NA;NA;NA;NA
2011-08-06;NA;NA;NA;NA;NA
2011-08-07;NA;NA;NA;NA;NA
2011-08-08;NA;NA;NA;NA;NA
2011-08-09;NA;NA;NA;NA;NA
2011-08-10;NA;NA;NA;NA;NA
2011-08-11;NA;NA;NA;NA;NA
2011-08-12;NA;NA;NA;NA;NA
2011-08-13;NA;NA;NA;NA;NA
2011-08-14;NA;NA;NA;NA;NA
2011-08-15;NA;NA;NA;NA;NA
2011-08-16;NA;NA;NA;NA;NA
2011-08-17;NA;NA;NA;NA;NA
2011-08-18;NA;NA;NA;NA;NA
2011-08-19;NA;NA;NA;NA;NA
2011-08-20;NA;NA;NA;NA;NA
2011-08-21;NA;NA;NA;NA;NA
2011-08-22;NA;NA;NA;NA;NA
2011-08-23;NA;NA;NA;NA;NA
2011-08-24;NA;NA;NA;NA;NA
2011-08-25;NA;NA;NA;NA;NA
2011-08-26;NA;NA;NA;NA;NA
2011-08-27;NA;NA;NA;NA;NA
2011-08-28;NA;NA;NA;NA;NA
2011-08-29;NA;NA;NA;NA;NA
2011-08-30;NA;NA;NA;NA;NA
2011-08-31;NA;NA;NA;NA;NA
2011-09-01;NA;NA;NA;NA;NA
2011-09-02;NA;NA;NA;NA;NA
2011-09-03;NA;NA;NA;NA;NA
2011-09-04;NA;NA;NA;NA;NA
2011-09-05;NA;NA;NA;NA;NA
2011-09-06;NA;NA;NA;NA;NA
2011-09-07;NA;NA;NA;NA;NA
2011-09-08;NA;NA;NA;NA;NA
2011-09-09;NA;NA;NA;NA;NA
2011-09-10;NA;NA;NA;NA;NA
2011-09-11;NA;NA;NA;NA;NA
2011-09-12;NA;NA;NA;NA;NA
2011-09-13;NA;NA;NA;NA;NA
2011-09-14;NA;NA;NA;NA;NA
2011-09-15;NA;NA;NA;NA;NA
2011-09-16;NA;NA;NA;NA;NA
2011-09-17;NA;NA;NA;NA;NA
2011-09-18;NA;NA;NA;NA;NA
2011-09-19;NA;NA;NA;NA;NA
2011-09-20;NA;NA;NA;NA;NA
2011-09-21;NA;NA;NA;NA;NA
2011-09-22;NA;NA;NA;NA;NA
2011-09-23;NA;NA;NA;NA;NA
2011-09-24;NA;NA;NA;NA;NA
2011-09-25;NA;NA;NA;NA;NA
2011-09-26;NA;NA;NA;NA;NA
2011-09-27;NA;NA;NA;NA;NA
2011-09-28;NA;NA;NA;NA;NA
2011-09-29;NA;NA;NA;NA;NA
2011-09-30;NA;NA;NA;NA;NA
2011-10-01;NA;NA;NA;NA;NA
2011-10-02;NA;NA;NA;NA;NA
2011-10-03;NA;NA;NA;NA;NA
2011-10-04;NA;NA;NA;NA;NA
2011-10-05;NA;NA;NA;NA;NA
2011-10-06;NA;NA;NA;NA;NA
2011-10-07;NA;NA;NA;NA;NA
2011-10-08;NA;NA;NA;NA;NA
2011-10-09;NA;NA;NA;NA;NA
2011-10-10;NA;NA;NA;NA;NA
2011-10-11;NA;NA;NA;NA;NA
2011-10-12;NA;NA;NA;NA;NA
2011-10-13;NA;NA;NA;NA;NA
2011-10-14;NA;NA;NA;NA;NA
2011-10-15;NA;NA;NA;NA;NA
2011-10-16;NA;NA;NA;NA;NA
2011-10-17;NA;NA;NA;NA;NA
2011-10-18;NA;NA;NA;NA;NA
2011-10-19;NA;NA;NA;NA;NA
2011-10-20;NA;NA;NA;NA;NA
2011-10-21;NA;NA;NA;NA;NA
2011-10-22;NA;NA;NA;NA;NA
2011-10-23;NA;NA;NA;NA;NA
2011-10-24;NA;NA;NA;NA;NA
2011-10-25;NA;NA;NA;NA;NA
2011-10-26;NA;NA;NA;NA;NA
2011-10-27;NA;NA;NA;NA;NA
2011-10-28;NA;NA;NA;NA;NA
2011-10-29;NA;NA;NA;NA;NA
2011-10-30;NA;NA;NA;NA;NA
2011-10-31;NA;NA;NA;NA;NA
2011-11-01;NA;NA;NA;NA;NA
2011-11-02;NA;NA;NA;NA;NA
2011-11-03;NA;NA;NA;NA;NA
2011-11-04;NA;NA;NA;NA;NA
2011-11-05;NA;NA;NA;NA;NA
2011-11-06;NA;NA;NA;NA;NA
2011-11-07;NA;NA;NA;NA;NA
2011-11-08;NA;NA;NA;NA;NA
2011-11-09;NA;NA;NA;NA;NA
2011-11-10;NA;NA;NA;NA;NA
2011-11-11;NA;NA;NA;NA;NA
2011-11-12;NA;NA;NA;NA;NA
2011-11-13;NA;NA;NA;NA;NA
2011-11-14;NA;NA;NA;NA;NA
2011-11-15;NA;NA;NA;NA;NA
2011-11-16;NA;NA;NA;NA;NA
2011-11-17;NA;NA;NA;NA;NA
2011-11-18;NA;NA;NA;NA;NA
2011-11-19;NA;NA;NA;NA;NA
2011-11-20;NA;NA;NA;NA;NA
2011-11-21;NA;NA;NA;NA;NA
2011-11-22;NA;NA;NA;NA;NA
2011-11-23;NA;NA;NA;NA;NA
2011-11-24;NA;NA;NA;NA;NA
2011-11-25;NA;NA;NA;NA;NA
2011-11-26;NA;NA;NA;NA;NA
2011-11-27;NA;NA;NA;NA;NA
2011-11-28;NA;NA;NA;NA;NA
2011-11-29;NA;NA;NA;NA;NA
2011-11-30;NA;NA;NA;NA;NA
2011-12-01;NA;NA;NA;NA;NA
2011-12-02;NA;NA;NA;NA;NA
2011-12-03;NA;NA;NA;NA;NA
2011-12-04;NA;NA;NA;NA;NA
2011-12-05;NA;NA;NA;NA;NA
2011-12-06;NA;NA;NA;NA;NA
2011-12-07;NA;NA;NA;NA;NA
2011-12-08;NA;NA;NA;NA;NA
2011-12-09;NA;NA;NA;NA;NA
2011-12-10;NA;NA;NA;NA;NA
2011-12-11;NA;NA;NA;NA;NA
2011-12-12;NA;NA;NA;NA;NA
2011-12-13;NA;NA;NA;NA;NA
2011-12-14;NA;NA;NA;NA;NA
2011-12-15;NA;NA;NA;NA;NA
2011-12-16;NA;NA;NA;NA;NA
2011-12-17;NA;NA;NA;NA;NA
2011-12-18;NA;NA;NA;NA;NA
2011-12-19;NA;NA;NA;NA;NA
2011-12-20;NA;NA;NA;NA;NA
2011-12-21;NA;NA;NA;NA;NA
2011-12-22;NA;NA;NA;NA;NA
2011-12-23;NA;NA;NA;NA;NA
2011-12-24;NA;NA;NA;NA;NA
2011-12-25;NA;NA;NA;NA;NA
2011-12-26;NA;NA;NA;NA;NA
2011-12-27;NA;NA;NA;NA;NA
2011-12-28;NA;NA;NA;NA;NA
2011-12-29;NA;NA;NA;NA;NA
2011-12-30;NA;NA;NA;NA;NA
2011-12-31;NA;NA;NA;NA;NA
2012-01-01;NA;NA;NA;NA;NA
2012-01-02;NA;NA;NA;NA;NA
2012-01-03;NA;NA;NA;NA;NA
2012-01-04;NA;NA;NA;NA;NA
2012-01-05;NA;NA;NA;NA;NA
2012-01-06;NA;NA;NA;NA;NA
2012-01-07;NA;NA;NA;NA;NA
2012-01-08;NA;NA;NA;NA;NA
2012-01-09;NA;NA;NA;NA;NA
2012-01-10;NA;NA;NA;NA;NA
2012-01-11;NA;NA;NA;NA;NA
2012-01-12;NA;NA;NA;NA;NA
2012-01-13;NA;NA;NA;NA;NA
2012-01-14;NA;NA;NA;NA;NA
2012-01-15;NA;NA;NA;NA;NA
2012-01-16;NA;NA;NA;NA;NA
2012-01-17;NA;NA;NA;NA;NA
2012-01-18;NA;NA;NA;NA;NA
2012-01-19;NA;NA;NA;NA;NA
2012-01-20;NA;NA;NA;NA;NA
2012-01-21;NA;NA;NA;NA;NA
2012-01-22;NA;NA;NA;NA;NA
2012-01-23;NA;NA;NA;NA;NA
2012-01-24;NA;NA;NA;NA;NA
2012-01-25;NA;NA;NA;NA;NA
2012-01-26;NA;NA;NA;NA;NA
2012-01-27;NA;NA;NA;NA;NA
2012-01-28;NA;NA;NA;NA;NA
2012-01-29;NA;NA;NA;NA;NA
2012-01-30;NA;NA;NA;NA;NA
2012-01-31;NA;NA;NA;NA;NA
2012-02-01;NA;NA;NA;NA;NA
2012-02-02;NA;NA;NA;NA;NA
2012-02-03;NA;NA;NA;NA;NA
2012-02-04;NA;NA;NA;NA;NA
2012-02-05;NA;NA;NA;NA;NA
2012-02-06;NA;NA;NA;NA;NA
2012-02-07;NA;NA;NA;NA;NA
2012-02-08;NA;NA;NA;NA;NA
2012-02-09;NA;NA;NA;NA;NA
2012-02-10;NA;NA;NA;NA;NA
2012-02-11;NA;NA;NA;NA;NA
2012-02-12;NA;NA;NA;NA;NA
2012-02-13;NA;NA;NA;NA;NA
2012-02-14;NA;NA;NA;NA;NA
2012-02-15;NA;NA;NA;NA;NA
2012-02-16;NA;NA;NA;NA;NA
2012-02-17;NA;NA;NA;NA;NA
2012-02-18;NA;NA;NA;NA;NA
2012-02-19;NA;NA;NA;NA;NA
2012-02-20;NA;NA;NA;NA;NA
2012-02-21;NA;NA;NA;NA;NA
2012-02-22;NA;NA;NA;NA;NA
2012-02-23;NA;NA;NA;NA;NA
2012-02-24;NA;NA;NA;NA;NA
2012-02-25;NA;NA;NA;NA;NA
2012-02-26;NA;NA;NA;NA;NA
2012-02-27;NA;NA;NA;NA;NA
2012-02-28;NA;NA;NA;NA;NA
2012-03-01;NA;NA;NA;NA;NA
2012-03-02;NA;NA;NA;NA;NA
2012-03-03;NA;NA;NA;NA;NA
2012-03-04;NA;NA;NA;NA;NA
2012-03-05;NA;NA;NA;NA;NA
2012-03-06;NA;NA;NA;NA;NA
2012-03-07;NA;NA;NA;NA;NA
2012-03-08;NA;NA;NA;NA;NA
2012-03-09;NA;NA;NA;NA;NA
2012-03-10;NA;NA;NA;NA;NA
2012-03-11;NA;NA;NA;NA;NA
2012-03-12;NA;NA;NA;NA;NA
2012-03-13;NA;NA;NA;NA;NA
2012-03-14;NA;NA;NA;NA;NA
2012-03-15;NA;NA;NA;NA;NA
2012-03-16;NA;NA;NA;NA;NA
2012-03-17;NA;NA;NA;NA;NA
2012-03-18;NA;NA;NA;NA;NA
2012-03-19;NA;NA;NA;NA;NA
2012-03-20;NA;NA;NA;NA;NA
2012-03-21;NA;NA;NA;NA;NA
2012-03-22;NA;NA;NA;NA;NA
2012-03-23;NA;NA;NA;NA;NA
2012-03-24;NA;NA;NA;NA;NA
2012-03-25;NA;NA;NA;NA;NA
2012-03-26;NA;NA;NA;NA;NA
2012-03-27;NA;NA;NA;NA;NA
2012-03-28;NA;NA;NA;NA;NA
2012-03-29;NA;NA;NA;NA;NA
2012-03-30;NA;NA;NA;NA;NA
2012-03-31;NA;NA;NA;NA;NA
2012-04-01;NA;NA;NA;NA;NA
2012-04-02;NA;NA;NA;NA;NA
2012-04-03;NA;NA;NA;NA;NA
2012-04-04;NA;NA;NA;NA;NA
2012-04-05;NA;NA;NA;NA;NA
2012-04-06;NA;NA;NA;NA;NA
2012-04-07;NA;NA;NA;NA;NA
2012-04-08;NA;NA;NA;NA;NA
2012-04-09;NA;NA;NA;NA;NA
2012-04-10;NA;NA;NA;NA;NA
2012-04-11;NA;NA;NA;NA;NA
2012-04-12;NA;NA;NA;NA;NA
2012-04-13;NA;NA;NA;NA;NA
2012-04-14;NA;NA;NA;NA;NA
2012-04-15;NA;NA;NA;NA;NA
2012-04-16;NA;NA;NA;NA;NA
2012-04-17;NA;NA;NA;NA;NA
2012-04-18;NA;NA;NA;NA;NA
2012-04-19;NA;NA;NA;NA;NA
2012-04-20;NA;NA;NA;NA;NA
2012-04-21;NA;NA;NA;NA;NA
2012-04-22;NA;NA;NA;NA;NA
2012-04-23;NA;NA;NA;NA;NA
2012-04-24;NA;NA;NA;NA;NA
2012-04-25;NA;NA;NA;NA;NA
2012-04-26;NA;NA;NA;NA;NA
2012-04-27;NA;NA;NA;NA;NA
2012-04-28;NA;NA;NA;NA;NA
2012-04-29;NA;NA;NA;NA;NA
2012-04-30;NA;NA;NA;NA;NA
2012-05-01;NA;NA;NA;NA;NA
2012-05-02;NA;NA;NA;NA;NA
2012-05-03;NA;NA;NA;NA;NA
2012-05-04;NA;NA;NA;NA;NA
2012-05-05;NA;NA;NA;NA;NA
2012-05-06;NA;NA;NA;NA;NA
2012-05-07;NA;NA;NA;NA;NA
2012-05-08;NA;NA;NA;NA;NA
2012-05-09;NA;NA;NA;NA;NA
2012-05-10;NA;NA;NA;NA;NA
2012-05-11;NA;NA;NA;NA;NA
2012-05-12;NA;NA;NA;NA;NA
2012-05-13;NA;NA;NA;NA;NA
2012-05-14;NA;NA;NA;NA;NA
2012-05-15;NA;NA;NA;NA;NA
2012-05-16;NA;NA;NA;NA;NA
2012-05-17;NA;NA;NA;NA;NA
2012-05-18;NA;NA;NA;NA;NA
2012-05-19;NA;NA;NA;NA;NA
2012-05-20;NA;NA;NA;NA;NA
2012-05-21;NA;NA;NA;NA;NA
2012-05-22;NA;NA;NA;NA;NA
2012-05-23;NA;NA;NA;NA;NA
2012-05-24;NA;NA;NA;NA;NA
2012-05-25;NA;NA;NA;NA;NA
2012-05-26;NA;NA;NA;NA;NA
2012-05-27;NA;NA;NA;NA;NA
2012-05-28;NA;NA;NA;NA;NA
2012-05-29;NA;NA;NA;NA;NA
2012-05-30;NA;NA;NA;NA;NA
2012-05-31;NA;NA;NA;NA;NA
2012-06-01;NA;NA;NA;NA;NA
2012-06-02;NA;NA;NA;NA;NA
2012-06-03;NA;NA;NA;NA;NA
2012-06-04;NA;NA;NA;NA;NA
2012-06-05;NA;NA;NA;NA;NA
2012-06-06;NA;NA;NA;NA;NA
2012-06-07;NA;NA;NA;NA;NA
2012-06-08;NA;NA;NA;NA;NA
2012-06-09;NA;NA;NA;NA;NA
2012-06-10;NA;NA;NA;NA;NA
2012-06-11;NA;NA;NA;NA;NA
2012-06-12;NA;NA;NA;NA;NA
2012-06-13;NA;NA;NA;NA;NA
2012-06-14;NA;NA;NA;NA;NA
2012-06-15;NA;NA;NA;NA;NA
2012-06-16;NA;NA;NA;NA;NA
2012-06-17;NA;NA;NA;NA;NA
2012-06-18;NA;NA;NA;NA;NA
2012-06-19;NA;NA;NA;NA;NA
2012-06-20;NA;NA;NA;NA;NA
2012-06-21;NA;NA;NA;NA;NA
2012-06-22;NA;NA;NA;NA;NA
2012-06-23;NA;NA;NA;NA;NA
2012-06-24;NA;NA;NA;NA;NA
2012-06-25;NA;NA;NA;NA;NA
2012-06-26;NA;NA;NA;NA;NA
2012-06-27;NA;NA;NA;NA;NA
2012-06-28;NA;NA;NA;NA;NA
2012-06-29;NA;NA;NA;NA;NA
2012-06-30;NA;NA;NA;NA;NA
2012-07-01;NA;NA;NA;NA;NA
2012-07-02;NA;NA;NA;NA;NA
2012-07-03;NA;NA;NA;NA;NA
2012-07-04;NA;NA;NA;NA;NA
2012-07-05;NA;NA;NA;NA;NA
2012-07-06;NA;NA;NA;NA;NA
2012-07-07;NA;NA;NA;NA;NA
2012-07-08;NA;NA;NA;NA;NA
2012-07-09;NA;NA;NA;NA;NA
2012-07-10;NA;NA;NA;NA;NA
2012-07-11;NA;NA;NA;NA;NA
2012-07-12;NA;NA;NA;NA;NA
2012-07-13;NA;NA;NA;NA;NA
2012-07-14;NA;NA;NA;NA;NA
2012-07-15;NA;NA;NA;NA;NA
2012-07-16;NA;NA;NA;NA;NA
2012-07-17;NA;NA;NA;NA;NA
2012-07-18;NA;NA;NA;NA;NA
2012-07-19;NA;NA;NA;NA;NA
2012-07-20;NA;NA;NA;NA;NA
2012-07-21;NA;NA;NA;NA;NA
2012-07-22;NA;NA;NA;NA;NA
2012-07-23;NA;NA;NA;NA;NA
2012-07-24;NA;NA;NA;NA;NA
2012-07-25;NA;NA;NA;NA;NA
2012-07-26;NA;NA;NA;NA;NA
2012-07-27;NA;NA;NA;NA;NA
2012-07-28;NA;NA;NA;NA;NA
2012-07-29;NA;NA;NA;NA;NA
2012-07-30;NA;NA;NA;NA;NA
2012-07-31;NA;NA;NA;NA;NA
2012-08-01;NA;NA;NA;NA;NA
2012-08-02;NA;NA;NA;NA;NA
2012-08-03;NA;NA;NA;NA;NA
2012-08-04;NA;NA;NA;NA;NA
2012-08-05;NA;NA;NA;NA;NA
2012-08-06;NA;NA;NA;NA;NA
2012-08-07;NA;NA;NA;NA;NA
2012-08-08;NA;NA;NA;NA;NA
2012-08-09;NA;NA;NA;NA;NA
2012-08-10;NA;NA;NA;NA;NA
2012-08-11;NA;NA;NA;NA;NA
2012-08-12;NA;NA;NA;NA;NA
2012-08-13;NA;NA;NA;NA;NA
2012-08-14;NA;NA;NA;NA;NA
2012-08-15;NA;NA;NA;NA;NA
2012-08-16;NA;NA;NA;NA;NA
2012-08-17;NA;NA;NA;NA;NA
2012-08-18;NA;NA;NA;NA;NA
2012-08-19;NA;NA;NA;NA;NA
2012-08-20;NA;NA;NA;NA;NA
2012-08-21;NA;NA;NA;NA;NA
2012-08-22;NA;NA;NA;NA;NA
2012-08-23;NA;NA;NA;NA;NA
2012-08-24;NA;NA;NA;NA;NA
2012-08-25;NA;NA;NA;NA;NA
2012-08-26;NA;NA;NA;NA;NA
2012-08-27;NA;NA;NA;NA;NA
2012-08-28;NA;NA;NA;NA;NA
2012-08-29;NA;NA;NA;NA;NA
2012-08-30;NA;NA;NA;NA;NA
2012-08-31;NA;NA;NA;NA;NA
2012-09-01;NA;NA;NA;NA;NA
2012-09-02;NA;NA;NA;NA;NA
2012-09-03;NA;NA;NA;NA;NA
2012-09-04;NA;NA;NA;NA;NA
2012-09-05;NA;NA;NA;NA;NA
2012-09-06;NA;NA;NA;NA;NA
2012-09-07;NA;NA;NA;NA;NA
2012-09-08;NA;NA;NA;NA;NA
2012-09-09;16.314125;9.107;25.643;NA;17.375
2012-09-10;15.55675;7.097;29.14;NA;18.1185
2012-09-11;16.439625;11.115;27.642;NA;19.3785
2012-09-12;9.482375;4.081;12.621;NA;8.351
2012-09-13;6.0895;2.572;16.131;NA;9.3515
2012-09-14;8.345375;1.062;20.139;NA;10.6005
2012-09-15;9.539125;3.075;23.142;NA;13.1085
2012-09-16;15.17625;4.584;32.136;NA;18.36
2012-09-17;14.177375;7.097;28.641;NA;17.869
2012-09-18;12.991;6.595;25.643;NA;16.119
2012-09-19;6.845;0.559;9.609;NA;5.084
2012-09-20;9.456125;-2.463;32.635;NA;15.086
2012-09-21;14.927875;6.595;33.633;NA;20.114
2012-09-22;17.745875;9.107;36.625;NA;22.866
2012-09-23;15.06275;10.111;22.141;NA;16.126
2012-09-24;10.360875;4.081;14.126;NA;9.1035
2012-09-25;9.35525;3.075;16.131;NA;9.603
2012-09-26;8.97925;0.056;14.627;NA;7.3415
2012-09-27;5.95975;0.056;20.139;NA;10.0975
2012-09-28;9.469625;0.056;29.14;NA;14.598
2012-09-29;12.18;8.604;18.136;NA;13.37
2012-09-30;10.234125;5.087;18.136;NA;11.6115
2012-10-01;8.854125;4.584;14.627;NA;9.6055
2012-10-02;11.85325;1.566;28.641;NA;15.1035
2012-10-03;9.099625;2.069;19.137;NA;10.603
2012-10-04;11.296125;4.081;22.642;NA;13.3615
2012-10-05;12.291;3.578;32.635;NA;18.1065
2012-10-06;13.113375;5.589;30.139;NA;17.864
2012-10-07;10.29925;9.107;11.617;NA;10.362
2012-10-08;9.795375;5.087;16.131;NA;10.609
2012-10-09;10.299125;8.102;11.617;NA;9.8595
2012-10-10;9.231375;5.589;13.122;NA;9.3555
2012-10-11;8.414;4.081;14.627;NA;9.354
2012-10-12;6.40525;0.056;8.604;NA;4.33
2012-10-13;2.632125;-2.463;10.613;NA;4.075
2012-10-14;3.576375;-0.448;9.609;NA;4.5805
2012-10-15;0.747625;-0.448;3.075;NA;1.3135
2012-10-16;0.0528749999999999;-4.983;6.595;NA;0.806
2012-10-17;8.4785;6.595;11.617;NA;9.106
2012-10-18;10.8005;8.102;14.627;NA;11.3645
2012-10-19;12.43225;11.617;15.128;NA;13.3725
2012-10-20;11.741875;8.102;16.131;NA;12.1165
2012-10-21;13.057875;9.107;19.137;NA;14.122
2012-10-22;11.302125;8.102;16.131;NA;12.1165
2012-10-23;7.913125;5.589;11.617;NA;8.603
2012-10-24;6.15475;4.081;9.107;NA;6.594
2012-10-25;5.33625;0.056;12.119;NA;6.0875
2012-10-26;6.657375;5.087;7.6;NA;6.3435
2012-10-27;1.437375;-5.487;6.595;NA;0.554
2012-10-28;-0.280222222222222;-2.463;0.559;NA;-0.952
2012-10-29;0.559;0.559;0.559;NA;0.559
2012-10-30;0.559;0.559;0.559;NA;0.559
2012-10-31;0.559;0.559;0.559;NA;0.559
2012-11-01;0.559;0.559;0.559;NA;0.559
2012-11-02;0.559;0.559;0.559;NA;0.559
2012-11-03;2.1945;0.559;4.584;NA;2.5715
2012-11-04;6.217;2.572;9.107;NA;5.8395
2012-11-05;1.565375;0.056;5.087;NA;2.5715
2012-11-06;0.181625;-0.448;2.069;NA;0.8105
2012-11-07;-2.210875;-3.47;-0.952;NA;-2.211
2012-11-08;1.753875;-0.952;4.081;NA;1.5645
2012-11-09;6.154125;1.566;9.609;NA;5.5875
2012-11-10;6.908625;5.087;8.604;NA;6.8455
2012-11-11;2.949125;1.062;5.087;NA;3.0745
2012-11-12;1.81675;-0.952;4.584;NA;1.816
2012-11-13;-1.078;-4.478;1.566;NA;-1.456
2012-11-14;3.51475;1.062;5.589;NA;3.3255
2012-11-15;2.382875;-0.448;5.087;NA;2.3195
2012-11-16;-1.329375;-2.966;0.559;NA;-1.2035
2012-11-17;1.376;-1.959;5.589;NA;1.815
2012-11-18;0.935625;-2.463;6.092;NA;1.8145
2012-11-19;-2.6515;-3.47;-0.952;NA;-2.211
2012-11-20;0.181125;-1.455;2.069;NA;0.307
2012-11-21;4.520375;1.566;8.604;NA;5.085
2012-11-22;1.691;-1.455;5.087;NA;1.816
2012-11-23;3.389;0.056;7.097;NA;3.5765
2012-11-24;5.40075;4.081;7.097;NA;5.589
2012-11-25;6.15475;4.584;8.102;NA;6.343
2012-11-26;5.526375;4.081;7.6;NA;5.8405
2012-11-27;0.18175;0.056;0.559;NA;0.3075
2012-11-28;0.118875;0.056;0.559;NA;0.3075
2012-11-29;0.244625;0.056;0.559;NA;0.3075
2012-11-30;0.496125;0.056;0.559;NA;0.3075
2012-12-01;0.118875;0.056;0.559;NA;0.3075
2012-12-02;0.056;0.056;0.056;NA;0.056
2012-12-03;-0.385;-0.448;0.056;NA;-0.196
2012-12-04;0.056;0.056;0.056;NA;0.056
2012-12-05;0.056;0.056;0.056;NA;0.056
2012-12-06;0.056;0.056;0.056;NA;0.056
2012-12-07;0.056;0.056;0.056;NA;0.056
2012-12-08;0.118875;0.056;0.559;NA;0.3075
2012-12-09;0.18175;0.056;0.559;NA;0.3075
2012-12-10;0.244625;0.056;0.559;NA;0.3075
2012-12-11;0.496125;0.056;0.559;NA;0.3075
2012-12-12;0.496125;0.056;0.559;NA;0.3075
2012-12-13;0.18175;0.056;0.559;NA;0.3075
2012-12-14;0.496125;0.056;0.559;NA;0.3075
2012-12-15;0.559;0.559;0.559;NA;0.559
2012-12-16;0.559;0.559;0.559;NA;0.559
2012-12-17;0.559;0.559;0.559;NA;0.559
2012-12-18;0.559;0.559;0.559;NA;0.559
2012-12-19;0.244625;0.056;0.559;NA;0.3075
2012-12-20;0.43325;0.056;0.559;NA;0.3075
2012-12-21;0.559;0.559;0.559;NA;0.559
2012-12-22;0.118875;0.056;0.559;NA;0.3075
2012-12-23;0.370375;0.056;0.559;NA;0.3075
2012-12-24;1.314;0.559;2.572;NA;1.5655
2012-12-25;3.263625;2.572;5.087;NA;3.8295
2012-12-26;0.1815;-1.455;2.572;NA;0.5585
2012-12-27;-0.07025;-1.959;1.062;NA;-0.4485
2012-12-28;-0.322;-0.952;0.056;NA;-0.448
2012-12-29;-0.259;-0.448;0.056;NA;-0.196
2012-12-30;-0.951625;-1.959;-0.448;NA;-1.2035
2012-12-31;-1.51825;-2.966;-0.448;NA;-1.707
2013-01-01;-0.385;-0.952;0.056;NA;-0.448
2013-01-02;-0.69975;-1.959;0.056;NA;-0.9515
2013-01-03;-1.896;-2.966;-0.952;NA;-1.959
2013-01-04;-0.196;-0.448;0.056;NA;-0.196
2013-01-05;-0.636875;-1.455;0.056;NA;-0.6995
2013-01-06;-0.447875;-1.455;0.056;NA;-0.6995
2013-01-07;-0.88875;-1.959;0.056;NA;-0.9515
2013-01-08;-0.888875;-1.455;-0.448;NA;-0.9515
2013-01-09;-1.0145;-1.455;0.056;NA;-0.6995
2013-01-10;-1.2035;-2.966;-0.448;NA;-1.707
2013-01-11;-0.196;-0.448;0.056;NA;-0.196
2013-01-12;-0.385;-0.448;0.056;NA;-0.196
2013-01-13;-0.448;-0.448;-0.448;NA;-0.448
2013-01-14;-0.448;-0.448;-0.448;NA;-0.448
2013-01-15;-0.448;-0.448;-0.448;NA;-0.448
2013-01-16;-0.448;-0.448;-0.448;NA;-0.448
2013-01-17;-0.448;-0.448;-0.448;NA;-0.448
2013-01-18;-0.511;-0.952;-0.448;NA;-0.7
2013-01-19;-0.385;-0.448;0.056;NA;-0.196
2013-01-20;0.056;0.056;0.056;NA;0.056
2013-01-21;0.056;0.056;0.056;NA;0.056
2013-01-22;0.056;0.056;0.056;NA;0.056
2013-01-23;0.056;0.056;0.056;NA;0.056
2013-01-24;-0.259;-0.448;0.056;NA;-0.196
2013-01-25;-0.448;-0.448;-0.448;NA;-0.448
2013-01-26;-0.448;-0.448;-0.448;NA;-0.448
2013-01-27;-0.448;-0.448;-0.448;NA;-0.448
2013-01-28;0.056;0.056;0.056;NA;0.056
2013-01-29;-0.07;-0.448;0.056;NA;-0.196
2013-01-30;0.056;0.056;0.056;NA;0.056
2013-01-31;0.056;0.056;0.056;NA;0.056
2013-02-01;0.056;0.056;0.056;NA;0.056
2013-02-02;0.056;0.056;0.056;NA;0.056
2013-02-03;0.056;0.056;0.056;NA;0.056
2013-02-04;-0.133;-0.448;0.056;NA;-0.196
2013-02-05;0.056;0.056;0.056;NA;0.056
2013-02-06;0.056;0.056;0.056;NA;0.056
2013-02-07;0.056;0.056;0.056;NA;0.056
2013-02-08;0.056;0.056;0.056;NA;0.056
2013-02-09;-0.322;-0.448;0.056;NA;-0.196
2013-02-10;-0.448;-0.448;-0.448;NA;-0.448
2013-02-11;-0.385;-0.448;0.056;NA;-0.196
2013-02-12;0.056;0.056;0.056;NA;0.056
2013-02-13;0.056;0.056;0.056;NA;0.056
2013-02-14;0.056;0.056;0.056;NA;0.056
2013-02-15;0.056;0.056;0.056;NA;0.056
2013-02-16;0.056;0.056;0.056;NA;0.056
2013-02-17;0.056;0.056;0.056;NA;0.056
2013-02-18;0.056;0.056;0.056;NA;0.056
2013-02-19;0.056;0.056;0.056;NA;0.056
2013-02-20;0.056;0.056;0.056;NA;0.056
2013-02-21;-0.448;-0.448;-0.448;NA;-0.448
2013-02-22;-0.448;-0.448;-0.448;NA;-0.448
2013-02-23;-0.448;-0.448;-0.448;NA;-0.448
2013-02-24;-0.448;-0.448;-0.448;NA;-0.448
2013-02-25;-0.448;-0.448;-0.448;NA;-0.448
2013-02-26;-0.448;-0.448;-0.448;NA;-0.448
2013-02-27;-0.448;-0.448;-0.448;NA;-0.448
2013-02-28;-0.448;-0.448;-0.448;NA;-0.448
2013-03-01;-0.448;-0.448;-0.448;NA;-0.448
2013-03-02;-0.448;-0.448;-0.448;NA;-0.448
2013-03-03;-0.448;-0.448;-0.448;NA;-0.448
2013-03-04;-0.448;-0.448;-0.448;NA;-0.448
2013-03-05;-0.007;-0.448;0.056;NA;-0.196
2013-03-06;0.056;0.056;0.056;NA;0.056
2013-03-07;0.056;0.056;0.056;NA;0.056
2013-03-08;0.056;0.056;0.056;NA;0.056
2013-03-09;0.056;0.056;0.056;NA;0.056
2013-03-10;0.056;0.056;0.056;NA;0.056
2013-03-11;0.056;0.056;0.056;NA;0.056
2013-03-12;0.056;0.056;0.056;NA;0.056
2013-03-13;0.056;0.056;0.056;NA;0.056
2013-03-14;0.056;0.056;0.056;NA;0.056
2013-03-15;0.056;0.056;0.056;NA;0.056
2013-03-16;0.056;0.056;0.056;NA;0.056
2013-03-17;0.056;0.056;0.056;NA;0.056
2013-03-18;0.056;0.056;0.056;NA;0.056
2013-03-19;0.056;0.056;0.056;NA;0.056
2013-03-20;0.056;0.056;0.056;NA;0.056
2013-03-21;0.056;0.056;0.056;NA;0.056
2013-03-22;0.056;0.056;0.056;NA;0.056
2013-03-23;0.056;0.056;0.056;NA;0.056
2013-03-24;0.056;0.056;0.056;NA;0.056
2013-03-25;0.056;0.056;0.056;NA;0.056
2013-03-26;0.056;0.056;0.056;NA;0.056
2013-03-27;0.056;0.056;0.056;NA;0.056
2013-03-28;0.056;0.056;0.056;NA;0.056
2013-03-29;0.056;0.056;0.056;NA;0.056
2013-03-30;0.056;0.056;0.056;NA;0.056
2013-03-31;0.056;0.056;0.056;NA;0.056
2013-04-01;0.056;0.056;0.056;NA;0.056
2013-04-02;0.056;0.056;0.056;NA;0.056
2013-04-03;0.056;0.056;0.056;NA;0.056
2013-04-04;0.056;0.056;0.056;NA;0.056
2013-04-05;0.056;0.056;0.056;NA;0.056
2013-04-06;0.056;0.056;0.056;NA;0.056
2013-04-07;0.056;0.056;0.056;NA;0.056
2013-04-08;0.056;0.056;0.056;NA;0.056
2013-04-09;0.056;0.056;0.056;NA;0.056
2013-04-10;0.056;0.056;0.056;NA;0.056
2013-04-11;0.056;0.056;0.056;NA;0.056
2013-04-12;0.056;0.056;0.056;NA;0.056
2013-04-13;0.056;0.056;0.056;NA;0.056
2013-04-14;0.118875;0.056;0.559;NA;0.3075
2013-04-15;6.84175;1.566;16.131;NA;8.8485
2013-04-16;8.286375;3.075;17.133;NA;10.104
2013-04-17;10.23025;3.578;21.14;NA;12.359
2013-04-18;10.672125;5.087;19.638;NA;12.3625
2013-04-19;3.766125;1.062;7.097;NA;4.0795
2013-04-20;0.43325;0.056;1.062;NA;0.559
2013-04-21;1.188125;0.559;2.572;NA;1.5655
2013-04-22;1.879875;1.062;3.578;NA;2.32
2013-04-23;4.581;0.056;13.624;NA;6.84
2013-04-24;7.4065;1.566;17.635;NA;9.6005
2013-04-25;9.29075;3.075;18.637;NA;10.856
2013-04-26;8.1645;6.595;11.115;NA;8.855
2013-04-27;3.20025;1.062;5.589;NA;3.3255
2013-04-28;1.56525;1.062;3.578;NA;2.32
2013-04-29;5.777125;2.572;10.111;NA;6.3415
2013-04-30;10.232625;5.589;19.638;NA;12.6135
2013-05-01;9.356;6.092;16.632;NA;11.362
2013-05-02;8.477;3.578;14.126;NA;8.852
2013-05-03;5.715;4.584;8.102;NA;6.343
2013-05-04;5.33725;1.566;10.111;NA;5.8385
2013-05-05;6.907625;3.578;11.617;NA;7.5975
2013-05-06;8.227125;6.092;12.119;NA;9.1055
2013-05-07;7.659875;2.572;13.624;NA;8.098
2013-05-08;10.2915;3.075;23.142;NA;13.1085
2013-05-09;10.79975;7.097;16.131;NA;11.614
2013-05-10;6.782875;4.584;8.604;NA;6.594
2013-05-11;5.40025;2.572;8.102;NA;5.337
2013-05-12;5.336625;2.069;11.115;NA;6.592
2013-05-13;9.78325;-0.448;23.642;NA;11.597
2013-05-14;10.04075;2.069;20.64;NA;11.3545
2013-05-15;6.280375;5.087;8.102;NA;6.5945
2013-05-16;6.594125;4.584;11.115;NA;7.8495
2013-05-17;4.583125;1.566;9.609;NA;5.5875
2013-05-18;3.0115;0.559;6.092;NA;3.3255
2013-05-19;3.827875;0.056;9.609;NA;4.8325
2013-05-20;6.901625;0.056;19.638;NA;9.847
2013-05-21;5.713875;1.566;9.609;NA;5.5875
2013-05-22;4.39525;2.572;5.589;NA;4.0805
2013-05-23;4.393;1.062;13.624;NA;7.343
2013-05-24;1.314;1.062;1.566;NA;1.314
2013-05-25;0.747625;0.559;1.062;NA;0.8105
2013-05-26;0.559;0.559;0.559;NA;0.559
2013-05-27;5.080375;0.056;20.139;NA;10.0975
2013-05-28;5.336875;1.566;10.613;NA;6.0895
2013-05-29;2.8855;1.062;8.102;NA;4.582
2013-05-30;4.330875;1.062;10.111;NA;5.5865
2013-05-31;3.45175;1.062;7.6;NA;4.331
2013-06-01;5.023875;4.584;5.589;NA;5.0865
2013-06-02;6.4055;3.578;11.617;NA;7.5975
2013-06-03;7.032875;2.572;11.617;NA;7.0945
2013-06-04;10.03675;0.559;24.643;NA;12.601
2013-06-05;11.799375;4.081;22.141;NA;13.111
2013-06-06;12.676625;5.087;24.643;NA;14.865
2013-06-07;12.176;5.589;24.142;NA;14.8655
2013-06-08;12.553375;7.097;24.643;NA;15.87
2013-06-09;8.60375;6.092;12.621;NA;9.3565
2013-06-10;11.171625;2.572;20.64;NA;11.606
2013-06-11;13.990375;5.589;30.639;NA;18.114
2013-06-12;17.240875;5.589;35.628;NA;20.6085
2013-06-13;17.554625;6.595;36.625;NA;21.61
2013-06-14;16.436125;7.6;29.64;NA;18.62
2013-06-15;17.250875;9.609;29.14;NA;19.3745
2013-06-16;19.8125;10.111;35.129;NA;22.62
2013-06-17;19.942125;12.119;35.628;NA;23.8735
2013-06-18;22.875125;11.617;40.61;NA;26.1135
2013-06-19;17.3185;11.115;23.642;NA;17.3785
2013-06-20;13.873875;9.107;17.635;NA;13.371
2013-06-21;10.733875;4.081;21.14;NA;12.6105
2013-06-22;15.436125;8.604;25.143;NA;16.8735
2013-06-23;14.245;7.6;26.642;NA;17.121
2013-06-24;5.840625;4.081;7.6;NA;5.8405
2013-06-25;8.099875;3.075;15.63;NA;9.3525
2013-06-26;10.1025;2.069;24.643;NA;13.356
2013-06-27;10.794375;2.069;23.642;NA;12.8555
2013-06-28;9.47825;1.566;18.136;NA;9.851
2013-06-29;7.59875;2.572;10.111;NA;6.3415
2013-06-30;14.0525;4.584;28.641;NA;16.6125
2013-07-01;16.116;5.087;32.635;NA;18.861
2013-07-02;16.24975;8.604;26.142;NA;17.373
2013-07-03;12.557625;10.613;14.627;NA;12.62
2013-07-04;12.0555;9.107;15.128;NA;12.1175
2013-07-05;16.621375;7.097;30.139;NA;18.618
2013-07-06;18.249;8.604;32.136;NA;20.37
2013-07-07;16.627625;9.609;24.643;NA;17.126
2013-07-08;15.43525;9.107;30.139;NA;19.623
2013-07-09;14.6875;9.609;22.642;NA;16.1255
2013-07-10;14.624125;10.613;25.143;NA;17.878
2013-07-11;15.186625;8.102;22.141;NA;15.1215
2013-07-12;16.687625;8.604;29.14;NA;18.872
2013-07-13;16.2435;6.595;30.139;NA;18.367
2013-07-14;17.875;8.604;30.139;NA;19.3715
2013-07-15;19.188125;9.609;33.134;NA;21.3715
2013-07-16;19.125875;9.609;32.635;NA;21.122
2013-07-17;15.43975;11.115;21.14;NA;16.1275
2013-07-18;12.8204;10.613;17.635;NA;14.124
