Jour;T_Mean;T_Min;T_Max;H_Moy;DJ
2008-10-09;6.55533333333333;2.121;11.657;85.7341666666667;6.889
2008-10-10;4.46333333333333;1.116;13.662;92.4055;7.389
2008-10-11;4.04491666666667;0.614;14.665;91.53375;7.6395
2008-10-12;5.3835;1.116;12.66;88.20225;6.888
2008-10-13;7.72666666666667;3.628;12.66;96.9154166666667;8.144
2008-10-14;7.09908333333333;3.126;13.161;96.2373333333333;8.1435
2008-10-15;5.76083333333333;2.121;13.662;96.8291666666667;7.8915
2008-10-16;4.75708333333333;1.116;9.651;100.83325;5.3835
2008-10-17;3.66966666666667;1.619;6.138;104.003333333333;3.8785
2008-10-18;2.74833333333333;0.614;8.146;101.132833333333;4.38
2008-10-19;1.40866666666667;-1.397;6.138;101.098833333333;2.3705
2008-10-20;3.91991666666667;0.614;9.149;101.770666666667;4.8815
2008-10-21;5.38483333333333;2.623;9.651;105.226833333333;6.137
2008-10-22;5.25941666666667;2.121;8.146;101.7305;5.1335
2008-10-23;4.046;1.619;8.648;99.8740833333333;5.1335
2008-10-24;2.748;0.111;9.651;100.022;4.881
2008-10-25;2.1625;0.111;6.138;99.8001666666667;3.1245
2008-10-26;1.61838461538462;0.111;4.632;99.5628461538462;2.3715
2008-10-27;3.04108333333333;-0.392;7.644;90.3945833333333;3.626
2008-10-28;1.19991666666667;0.111;2.623;104.74075;1.367
2008-10-29;-0.349916666666667;-1.9;1.116;108.015583333333;-0.392
2008-10-30;0.23675;0.111;0.614;109.478916666667;0.3625
2008-10-31;0.111;0.111;0.111;109.9775;0.111
2008-11-01;0.111;0.111;0.111;110.1015;0.111
2008-11-02;1.36725;0.111;4.13;104.249583333333;2.1205
2008-11-03;1.15775;0.111;4.632;103.303416666667;2.3715
2008-11-04;0.487833333333333;-0.392;2.121;106.907916666667;0.8645
2008-11-05;0.529666666666667;-0.392;2.623;106.538583333333;1.1155
2008-11-06;0.362166666666667;-1.397;3.628;105.461333333333;1.1155
2008-11-07;-1.43925;-3.409;0.111;104.000083333333;-1.649
2008-11-08;-2.61266666666667;-4.415;-0.392;101.445916666667;-2.4035
2008-11-09;-0.810916666666667;-3.409;2.623;103.68125;-0.393
2008-11-10;-0.68525;-2.906;2.623;103.62725;-0.1415
2008-11-11;0.069;-1.397;3.628;106.720833333333;1.1155
2008-11-12;-0.140583333333333;-1.9;3.126;104.731;0.613
2008-11-13;-1.81641666666667;-4.415;0.614;100.906416666667;-1.9005
2008-11-14;-1.69075;-3.409;1.619;102.044;-0.895
2008-11-15;-2.40308333333333;-3.409;-0.392;100.16;-1.9005
2008-11-16;-2.31941666666667;-3.409;-0.392;97.7579166666667;-1.9005
2008-11-17;-2.73833333333333;-4.415;-0.894;98.46925;-2.6545
2008-11-18;-2.19375;-4.918;1.116;98.9369166666667;-1.901
2008-11-19;-4.415;-5.924;-2.403;95.7344166666667;-4.1635
2008-11-20;-1.69125;-4.415;2.623;96.8154166666667;-0.896
2008-11-21;-0.8945;-2.403;1.619;101.979166666667;-0.392
2008-11-22;-5.044;-7.937;-3.409;108.017083333333;-5.673
2008-11-23;-6.63741666666667;-8.441;-2.403;105.352833333333;-5.422
2008-11-24;-1.69041666666667;-2.403;-1.397;109.188583333333;-1.9
2008-11-25;-1.06166666666667;-1.397;-0.894;110.0185;-1.1455
2008-11-26;-1.397;-1.397;-1.397;110.019;-1.397
2008-11-27;-1.397;-1.397;-1.397;109.77025;-1.397
2008-11-28;-1.397;-1.9;-0.894;110.225166666667;-1.397
2008-11-29;-0.894;-0.894;-0.894;110.802083333333;-0.894
2008-11-30;-0.894;-0.894;-0.894;111.417666666667;-0.894
2008-12-01;-0.601166666666667;-0.894;-0.392;111.131333333333;-0.643
2008-12-02;-0.392;-0.392;-0.392;111.2135;-0.392
2008-12-03;-0.392;-0.392;-0.392;111.418583333333;-0.392
2008-12-04;-0.392;-0.392;-0.392;111.418583333333;-0.392
2008-12-05;-0.559333333333333;-0.894;-0.392;111.4595;-0.643
2008-12-06;-0.392;-0.392;-0.392;111.664416666667;-0.392
2008-12-07;-0.392;-0.392;-0.392;111.705166666667;-0.392
2008-12-08;-0.392;-0.392;-0.392;111.868666666667;-0.392
2008-12-09;-0.392;-0.392;-0.392;111.787166666667;-0.392
2008-12-10;-0.392;-0.392;-0.392;111.868666666667;-0.392
2008-12-11;-0.392;-0.392;-0.392;111.95;-0.392
2008-12-12;-0.392;-0.392;-0.392;111.868833333333;-0.392
2008-12-13;-0.392;-0.392;-0.392;111.868333333333;-0.392
2008-12-14;-0.392;-0.392;-0.392;112.235166666667;-0.392
2008-12-15;-0.392;-0.392;-0.392;112.315583333333;-0.392
2008-12-16;-0.392;-0.392;-0.392;112.233583333333;-0.392
2008-12-17;-0.392;-0.392;-0.392;112.27475;-0.392
2008-12-18;-0.392;-0.392;-0.392;112.23575;-0.392
2008-12-19;-0.392;-0.392;-0.392;112.317583333333;-0.392
2008-12-20;-0.392;-0.392;-0.392;112.317416666667;-0.392
2008-12-21;-0.392;-0.392;-0.392;112.1955;-0.392
2008-12-22;-0.392;-0.392;-0.392;112.358166666667;-0.392
2008-12-23;-0.392;-0.392;-0.392;112.358333333333;-0.392
2008-12-24;-0.392;-0.392;-0.392;112.399083333333;-0.392
2008-12-25;-0.392;-0.392;-0.392;112.520833333333;-0.392
2008-12-26;-0.392;-0.392;-0.392;112.521;-0.392
2008-12-27;-0.392;-0.392;-0.392;112.642333333333;-0.392
2008-12-28;-0.392;-0.392;-0.392;112.561583333333;-0.392
2008-12-29;-0.392;-0.392;-0.392;112.480083333333;-0.392
2008-12-30;-0.392;-0.392;-0.392;112.602166666667;-0.392
2008-12-31;-0.392;-0.392;-0.392;112.5205;-0.392
2009-01-01;-0.392;-0.392;-0.392;112.48025;-0.392
2009-01-02;-0.392;-0.392;-0.392;112.480416666667;-0.392
2009-01-03;-0.392;-0.392;-0.392;112.521;-0.392
2009-01-04;-0.392;-0.392;-0.392;112.805166666667;-0.392
2009-01-05;-0.392;-0.392;-0.392;112.64275;-0.392
2009-01-06;-0.392;-0.392;-0.392;112.724;-0.392
2009-01-07;-0.392;-0.392;-0.392;112.764333333333;-0.392
2009-01-08;-0.392;-0.392;-0.392;112.642916666667;-0.392
2009-01-09;-0.392;-0.392;-0.392;112.805083333333;-0.392
2009-01-10;-0.392;-0.392;-0.392;112.764583333333;-0.392
2009-01-11;-0.392;-0.392;-0.392;113.048416666667;-0.392
2009-01-12;-0.392;-0.392;-0.392;112.764583333333;-0.392
2009-01-13;-0.392;-0.392;-0.392;113.007833333333;-0.392
2009-01-14;-0.392;-0.392;-0.392;113.1295;-0.392
2009-01-15;-0.392;-0.392;-0.392;113.129416666667;-0.392
2009-01-16;-0.392;-0.392;-0.392;113.210416666667;-0.392
2009-01-17;-0.392;-0.392;-0.392;113.17;-0.392
2009-01-18;-0.392;-0.392;-0.392;113.2915;-0.392
2009-01-19;-0.392;-0.392;-0.392;113.291333333333;-0.392
2009-01-20;-0.392;-0.392;-0.392;113.453;-0.392
2009-01-21;-0.392;-0.392;-0.392;113.4935;-0.392
2009-01-22;-0.392;-0.392;-0.392;113.775583333333;-0.392
2009-01-23;-0.392;-0.392;-0.392;113.655;-0.392
2009-01-24;-0.392;-0.392;-0.392;113.816166666667;-0.392
2009-01-25;-0.392;-0.392;-0.392;113.896666666667;-0.392
2009-01-26;-0.392;-0.392;-0.392;113.9775;-0.392
2009-01-27;-0.392;-0.392;-0.392;114.057916666667;-0.392
2009-01-28;-0.392;-0.392;-0.392;114.057916666667;-0.392
2009-01-29;-0.392;-0.392;-0.392;114.0175;-0.392
2009-01-30;-0.392;-0.392;-0.392;114.339583333333;-0.392
2009-01-31;-0.392;-0.392;-0.392;114.460166666667;-0.392
2009-02-01;-0.392;-0.392;-0.392;114.540333333333;-0.392
2009-02-02;-0.392;-0.392;-0.392;114.500083333333;-0.392
2009-02-03;-0.392;-0.392;-0.392;114.660583333333;-0.392
2009-02-04;-0.392;-0.392;-0.392;114.860666666667;-0.392
2009-02-05;-0.392;-0.392;-0.392;114.940666666667;-0.392
2009-02-06;-0.392;-0.392;-0.392;115.339833333333;-0.392
2009-02-07;-0.392;-0.392;-0.392;115.299916666667;-0.392
2009-02-08;-0.392;-0.392;-0.392;115.37975;-0.392
2009-02-09;-0.392;-0.392;-0.392;115.499083333333;-0.392
2009-02-10;-0.392;-0.392;-0.392;115.658666666667;-0.392
2009-02-11;-0.392;-0.392;-0.392;115.777833333333;-0.392
2009-02-12;-0.392;-0.392;-0.392;115.8175;-0.392
2009-02-13;-0.392;-0.392;-0.392;115.618666666667;-0.392
2009-02-14;-0.392;-0.392;-0.392;115.778;-0.392
2009-02-15;-0.392;-0.392;-0.392;115.817666666667;-0.392
2009-02-16;-0.392;-0.392;-0.392;115.8575;-0.392
2009-02-17;-0.392;-0.392;-0.392;115.937;-0.392
2009-02-18;-0.392;-0.392;-0.392;115.857333333333;-0.392
2009-02-19;-0.392;-0.392;-0.392;115.976583333333;-0.392
2009-02-20;-0.392;-0.392;-0.392;116.254083333333;-0.392
2009-02-21;-0.392;-0.392;-0.392;116.2145;-0.392
2009-02-22;-0.392;-0.392;-0.392;116.0955;-0.392
2009-02-23;-0.392;-0.392;-0.392;116.291833333333;-0.392
2009-02-24;-0.392;-0.392;-0.392;116.173583333333;-0.392
2009-02-25;-0.392;-0.392;-0.392;116.531083333333;-0.392
2009-02-26;-0.392;-0.392;-0.392;116.333416666667;-0.392
2009-02-27;-0.392;-0.392;-0.392;116.531166666667;-0.392
2009-02-28;-0.392;-0.392;-0.392;116.491916666667;-0.392
2009-03-01;-0.392;-0.392;-0.392;116.807833333333;-0.392
2009-03-02;-0.392;-0.392;-0.392;116.808083333333;-0.392
2009-03-03;-0.392;-0.392;-0.392;116.76775;-0.392
2009-03-04;-0.392;-0.392;-0.392;117.005;-0.392
2009-03-05;-0.392;-0.392;-0.392;117.005;-0.392
2009-03-06;-0.392;-0.392;-0.392;117.044333333333;-0.392
2009-03-07;-0.392;-0.392;-0.392;116.926333333333;-0.392
2009-03-08;-0.392;-0.392;-0.392;117.083666666667;-0.392
2009-03-09;-0.392;-0.392;-0.392;117.083666666667;-0.392
2009-03-10;-0.392;-0.392;-0.392;117.123;-0.392
2009-03-11;-0.392;-0.392;-0.392;117.044333333333;-0.392
2009-03-12;-0.392;-0.392;-0.392;117.005;-0.392
2009-03-13;-0.392;-0.392;-0.392;117.083666666667;-0.392
2009-03-14;-0.392;-0.392;-0.392;117.123;-0.392
2009-03-15;-0.392;-0.392;-0.392;117.123;-0.392
2009-03-16;-0.392;-0.392;-0.392;117.044333333333;-0.392
2009-03-17;-0.392;-0.392;-0.392;117.044333333333;-0.392
2009-03-18;-0.392;-0.392;-0.392;117.241;-0.392
2009-03-19;-0.392;-0.392;-0.392;117.280333333333;-0.392
2009-03-20;-0.392;-0.392;-0.392;117.123;-0.392
2009-03-21;-0.392;-0.392;-0.392;116.807583333333;-0.392
2009-03-22;-0.392;-0.392;-0.392;116.610666666667;-0.392
2009-03-23;-0.392;-0.392;-0.392;77.4819166666667;-0.392
2009-03-24;-0.392;-0.392;-0.392;2.3145;-0.392
2009-03-25;-0.392;-0.392;-0.392;-33.6;-0.392
2009-03-26;-0.392;-0.392;-0.392;-33.6;-0.392
2009-03-27;-0.392;-0.392;-0.392;-33.6;-0.392
2009-03-28;-0.392;-0.392;-0.392;-33.6;-0.392
2009-03-29;-0.392;-0.392;-0.392;-23.6566363636364;-0.392
2009-03-30;-0.392;-0.392;-0.392;70.8718333333333;-0.392
2009-03-31;-0.392;-0.392;-0.392;51.4141666666667;-0.392
2009-04-01;-0.392;-0.392;-0.392;58.24125;-0.392
2009-04-02;-0.392;-0.392;-0.392;52.7929166666667;-0.392
2009-04-03;-0.392;-0.392;-0.392;39.1793333333333;-0.392
2009-04-04;-0.392;-0.392;-0.392;31.6255;-0.392
2009-04-05;-0.392;-0.392;-0.392;29.0284166666667;-0.392
2009-04-06;-0.392;-0.392;-0.392;57.4635833333333;-0.392
2009-04-07;-0.392;-0.392;-0.392;68.53775;-0.392
2009-04-08;-0.392;-0.392;-0.392;61.4494166666667;-0.392
2009-04-09;-0.392;-0.392;-0.392;59.5345833333333;-0.392
2009-04-10;-0.392;-0.392;-0.392;83.39725;-0.392
2009-04-11;-0.392;-0.392;-0.392;104.1175;-0.392
2009-04-12;-0.392;-0.392;-0.392;115.1745;-0.392
2009-04-13;-0.392;-0.392;-0.392;102.329083333333;-0.392
2009-04-14;-0.392;-0.392;-0.392;100.205833333333;-0.392
2009-04-15;-0.392;-0.392;-0.392;100.205833333333;-0.392
2009-04-16;-0.392;-0.392;-0.392;100.161916666667;-0.392
2009-04-17;-0.392;-0.392;-0.392;100.0735;-0.392
2009-04-18;-0.392;-0.392;-0.392;100.02975;-0.392
2009-04-19;-0.392;-0.392;-0.392;99.942;-0.392
2009-04-20;-0.392;-0.392;-0.392;99.9856666666667;-0.392
2009-04-21;-0.392;-0.392;-0.392;100.20575;-0.392
2009-04-22;-0.392;-0.392;-0.392;100.2055;-0.392
2009-04-23;-0.392;-0.392;-0.392;100.161916666667;-0.392
2009-04-24;-0.392;-0.392;-0.392;99.898;-0.392
2009-04-25;-0.392;-0.392;-0.392;99.9418333333333;-0.392
2009-04-26;-0.392;-0.392;-0.392;100.2495;-0.392
2009-04-27;-0.392;-0.392;-0.392;100.03;-0.392
2009-04-28;-0.392;-0.392;-0.392;100.249666666667;-0.392
2009-04-29;-0.392;-0.392;-0.392;100.688833333333;-0.392
2009-04-30;-0.392;-0.392;-0.392;101.388583333333;-0.392
2009-05-01;-0.392;-0.392;-0.392;102.3465;-0.392
2009-05-02;-0.392;-0.392;-0.392;103.212333333333;-0.392
2009-05-03;-0.392;-0.392;-0.392;104.117083333333;-0.392
2009-05-04;-0.392;-0.392;-0.392;104.631416666667;-0.392
2009-05-05;-0.392;-0.392;-0.392;105.3125;-0.392
2009-05-06;-0.392;-0.392;-0.392;106.07925;-0.392
2009-05-07;-0.392;-0.392;-0.392;107.978166666667;-0.392
2009-05-08;-0.392;-0.392;-0.392;108.313333333333;-0.392
2009-05-09;-0.392;-0.392;-0.392;109.271416666667;-0.392
2009-05-10;-0.392;-0.392;-0.392;110.266666666667;-0.392
2009-05-11;-0.392;-0.392;-0.392;110.966833333333;-0.392
2009-05-12;-0.392;-0.392;-0.392;111.418583333333;-0.392
2009-05-13;-0.392;-0.392;-0.392;112.357166666667;-0.392
2009-05-14;-0.392;-0.392;-0.392;113.250333333333;-0.392
2009-05-15;-0.392;-0.392;-0.392;113.89675;-0.392
2009-05-16;-0.392;-0.392;-0.392;114.700166666667;-0.392
2009-05-17;-0.392;-0.392;-0.392;115.618333333333;-0.392
2009-05-18;-0.392;-0.392;-0.392;118.3365;-0.392
2009-05-19;-0.392;-0.392;-0.392;120.466083333333;-0.392
2009-05-20;-0.392;-0.392;-0.392;120.54375;-0.392
2009-05-21;-0.392;-0.392;-0.392;120.6205;-0.392
2009-05-22;-0.392;-0.392;-0.392;120.7355;-0.392
2009-05-23;-0.392;-0.392;-0.392;120.4675;-0.392
2009-05-24;-0.392;-0.392;-0.392;120.544;-0.392
2009-05-25;-0.392;-0.392;-0.392;120.65875;-0.392
2009-05-26;-0.392;-0.392;-0.392;120.65875;-0.392
2009-05-27;-0.392;-0.392;-0.392;120.6205;-0.392
2009-05-28;-0.392;-0.392;-0.392;120.6205;-0.392
2009-05-29;-0.392;-0.392;-0.392;120.7355;-0.392
2009-05-30;-0.392;-0.392;-0.392;120.62025;-0.392
2009-05-31;-0.392;-0.392;-0.392;120.54325;-0.392
2009-06-01;-0.392;-0.392;-0.392;120.5055;-0.392
2009-06-02;-0.392;-0.392;-0.392;120.69675;-0.392
2009-06-03;-0.392;-0.392;-0.392;120.58225;-0.392
2009-06-04;-0.392;-0.392;-0.392;120.6205;-0.392
2009-06-05;-0.392;-0.392;-0.392;120.197083333333;-0.392
2009-06-06;-0.392;-0.392;-0.392;120.348666666667;-0.392
2009-06-07;-0.392;-0.392;-0.392;119.849666666667;-0.392
2009-06-08;-0.392;-0.392;-0.392;119.927666666667;-0.392
2009-06-09;-0.392;-0.392;-0.392;120.004583333333;-0.392
2009-06-10;-0.392;-0.392;-0.392;120.005;-0.392
2009-06-11;1.5755;-0.392;8.648;119.150666666667;4.128
2009-06-12;8.26791666666667;1.116;17.169;102.373666666667;9.1425
2009-06-13;10.7344166666667;3.628;20.674;88.8530833333333;12.151
2009-06-14;11.36;4.13;22.675;85.308;13.4025
2009-06-15;11.9895;8.146;19.172;90.1550833333333;13.659
2009-06-16;11.9053333333333;6.64;21.675;96.8706666666667;14.1575
2009-06-17;11.6538333333333;5.134;20.173;86.7485;12.6535
2009-06-18;13.325;7.142;24.176;92.4303333333333;15.659
2009-06-19;13.1171666666667;9.149;22.175;94.6329166666667;15.662
2009-06-20;8.89583333333333;2.623;18.672;97.44625;10.6475
2009-06-21;6.72216666666667;1.619;15.667;92.8141666666667;8.643
2009-06-22;6.68025;1.116;14.665;85.33525;7.8905
2009-06-23;6.84583333333333;-0.392;15.667;89.6128333333333;7.6375
2009-06-24;9.81516666666667;4.13;18.171;93.6321666666667;11.1505
2009-06-25;NA;NA;NA;NA;NA
2009-06-26;NA;NA;NA;NA;NA
2009-06-27;NA;NA;NA;NA;NA
2009-06-28;NA;NA;NA;NA;NA
2009-06-29;NA;NA;NA;NA;NA
2009-06-30;NA;NA;NA;NA;NA
2009-07-01;NA;NA;NA;NA;NA
2009-07-02;NA;NA;NA;NA;NA
2009-07-03;NA;NA;NA;NA;NA
2009-07-04;NA;NA;NA;NA;NA
2009-07-05;NA;NA;NA;NA;NA
2009-07-06;NA;NA;NA;NA;NA
2009-07-07;NA;NA;NA;NA;NA
2009-07-08;NA;NA;NA;NA;NA
2009-07-09;NA;NA;NA;NA;NA
2009-07-10;NA;NA;NA;NA;NA
2009-07-11;NA;NA;NA;NA;NA
2009-07-12;NA;NA;NA;NA;NA
2009-07-13;NA;NA;NA;NA;NA
2009-07-14;NA;NA;NA;NA;NA
2009-07-15;NA;NA;NA;NA;NA
2009-07-16;NA;NA;NA;NA;NA
2009-07-17;NA;NA;NA;NA;NA
2009-07-18;NA;NA;NA;NA;NA
2009-07-19;NA;NA;NA;NA;NA
2009-07-20;NA;NA;NA;NA;NA
2009-07-21;NA;NA;NA;NA;NA
2009-07-22;NA;NA;NA;NA;NA
2009-07-23;NA;NA;NA;NA;NA
2009-07-24;NA;NA;NA;NA;NA
2009-07-25;NA;NA;NA;NA;NA
2009-07-26;NA;NA;NA;NA;NA
2009-07-27;NA;NA;NA;NA;NA
2009-07-28;NA;NA;NA;NA;NA
2009-07-29;NA;NA;NA;NA;NA
2009-07-30;NA;NA;NA;NA;NA
2009-07-31;NA;NA;NA;NA;NA
2009-08-01;NA;NA;NA;NA;NA
2009-08-02;NA;NA;NA;NA;NA
2009-08-03;NA;NA;NA;NA;NA
2009-08-04;NA;NA;NA;NA;NA
2009-08-05;NA;NA;NA;NA;NA
2009-08-06;NA;NA;NA;NA;NA
2009-08-07;NA;NA;NA;NA;NA
2009-08-08;NA;NA;NA;NA;NA
2009-08-09;NA;NA;NA;NA;NA
2009-08-10;NA;NA;NA;NA;NA
2009-08-11;NA;NA;NA;NA;NA
2009-08-12;12.20575;7.647;18.684;98.0696666666667;13.1655
2009-08-13;12.4145;7.144;18.684;90.81425;12.914
2009-08-14;12.4979166666667;7.647;18.684;86.5015833333333;13.1655
2009-08-15;12.8320833333333;7.647;19.686;85.77675;13.6665
2009-08-16;13.1251666666667;8.652;20.186;85.6340833333333;14.419
2009-08-17;12.7905833333333;8.149;19.686;83.0958333333333;13.9175
2009-08-18;13.7938333333333;9.154;20.687;84.3603333333333;14.9205
2009-08-19;13.37575;9.154;23.189;88.0885;16.1715
2009-08-20;14.0443333333333;9.656;22.689;84.86075;16.1725
2009-08-21;13.9616666666667;9.656;21.187;86.1595;15.4215
2009-08-22;13.293;9.154;20.186;94.4334166666667;14.67
2009-08-23;13.2504166666667;8.149;21.187;95.4520833333333;14.668
2009-08-24;14.17075;10.158;21.187;91.0216666666667;15.6725
2009-08-25;13.0014166666667;10.66;17.682;103.721833333333;14.171
2009-08-26;11.8305833333333;8.652;16.179;104.95625;12.4155
2009-08-27;11.78825;8.149;17.682;99.8866666666667;12.9155
2009-08-28;12.9590833333333;9.656;18.684;97.2986666666667;14.17
2009-08-29;11.20325;7.647;16.179;97.8508333333333;11.913
2009-08-30;9.988;5.134;17.682;93.2385833333333;11.408
2009-08-31;11.5785;7.647;18.183;96.8098333333333;12.915
2009-09-01;12.3313333333333;8.652;19.185;96.7805833333333;13.9185
2009-09-02;11.8725833333333;9.154;15.176;104.058;12.165
2009-09-03;10.9943333333333;8.149;14.674;98.7944166666667;11.4115
2009-09-04;8.52583333333333;6.139;10.66;101.63925;8.3995
2009-09-05;5.59275;1.612;11.664;93.1764166666667;6.638
2009-09-06;6.76475;2.116;13.671;90.6478333333333;7.8935
2009-09-07;8.35608333333333;3.625;15.176;89.4634166666667;9.4005
2009-09-08;8.90091666666667;4.631;15.176;89.37925;9.9035
2009-09-09;9.61241666666667;5.637;15.176;93.7144166666667;10.4065
2009-09-10;9.69633333333333;5.134;15.677;95.4030833333333;10.4055
2009-09-11;10.0731666666667;7.144;15.176;97.6010833333333;11.16
2009-09-12;7.85558333333333;5.134;11.664;102.09275;8.399
2009-09-13;7.98133333333333;6.139;11.162;105.246916666667;8.6505
2009-09-14;6.05466666666667;2.619;10.66;103.084166666667;6.6395
2009-09-15;4.33758333333333;3.625;5.134;111.637666666667;4.3795
2009-09-16;6.34808333333333;4.128;9.656;114.379833333333;6.892
2009-09-17;7.47891666666667;4.631;10.66;112.223833333333;7.6455
2009-09-18;7.0605;5.134;9.154;111.468;7.144
2009-09-19;7.22775;5.134;10.158;108.92875;7.646
2009-09-20;7.43716666666667;5.637;10.158;110.03325;7.8975
2009-09-21;7.3115;5.134;10.66;109.488333333333;7.897
2009-09-22;7.60408333333333;5.134;13.17;101.461416666667;9.152
2009-09-23;7.93833333333333;4.128;13.671;96.9640833333333;8.8995
2009-09-24;8.65033333333333;5.134;14.173;100.684083333333;9.6535
2009-09-25;8.19041666666667;6.139;14.173;106.055833333333;10.156
2009-09-26;7.77208333333333;5.637;11.162;109.267583333333;8.3995
2009-09-27;7.31141666666667;4.631;11.664;107.295083333333;8.1475
2009-09-28;7.10125;4.128;12.166;101.996666666667;8.147
2009-09-29;7.14308333333333;3.122;12.166;98.6836666666667;7.644
2009-09-30;7.35233333333333;3.625;12.668;97.67825;8.1465
2009-10-01;7.52025;5.134;14.173;103.247666666667;9.6535
2009-10-02;5.8035;2.619;9.656;104.978833333333;6.1375
2009-10-03;5.00625;0.606;10.66;99.1208333333333;5.633
2009-10-04;6.01283333333333;3.625;10.66;99.4075;7.1425
2009-10-05;6.38891666666667;2.619;11.162;97.2769166666667;6.8905
2009-10-06;8.10666666666667;5.134;11.664;100.736333333333;8.399
2009-10-07;9.15225;5.134;14.674;93.1686666666667;9.904
2009-10-08;8.23241666666667;6.139;12.166;95.218;9.1525
2009-10-09;7.26983333333333;5.637;10.66;106.142083333333;8.1485
2009-10-10;6.85116666666667;5.134;9.154;108.199416666667;7.144
2009-10-11;4.16933333333333;1.612;6.139;102.167083333333;3.8755
2009-10-12;2.49266666666667;-0.402;4.128;97.0481666666667;1.863
2009-10-13;0.60475;-1.409;5.134;82.0684166666667;1.8625
2009-10-14;-0.737833333333333;-3.424;3.122;88.0945;-0.151
2009-10-15;-3.50875;-4.937;-0.905;98.23175;-2.921
2009-10-16;-1.57733333333333;-4.433;2.116;100.982666666667;-1.1585
2009-10-17;-2.291;-4.937;-0.402;93.1623333333333;-2.6695
2009-10-18;-3.67675;-5.441;-0.905;98.7838333333333;-3.173
2009-10-19;-3.21475;-4.937;0.102;102.319583333333;-2.4175
2009-10-20;-0.821916666666667;-3.424;3.625;101.271666666667;0.1005
2009-10-21;-0.0238333333333333;-1.409;1.109;108.12425;-0.15
2009-10-22;0.102;0.102;0.102;111.259833333333;0.102
2009-10-23;0.102;0.102;0.102;112.257583333333;0.102
2009-10-24;0.102;0.102;0.102;113.40075;0.102
2009-10-25;0.140769230769231;0.102;0.606;114.346846153846;0.354
2009-10-26;0.102;0.102;0.102;114.83175;0.102
2009-10-27;0.102;0.102;0.102;115.129916666667;0.102
2009-10-28;0.102;0.102;0.102;115.502;0.102
2009-10-29;0.102;0.102;0.102;116.058;0.102
2009-10-30;0.102;0.102;0.102;116.389833333333;0.102
2009-10-31;0.102;0.102;0.102;116.684166666667;0.102
2009-11-01;0.102;0.102;0.102;116.79425;0.102
2009-11-02;0.102;0.102;0.102;117.2705;0.102
2009-11-03;0.102;0.102;0.102;117.452916666667;0.102
2009-11-04;0.102;0.102;0.102;117.37975;0.102
2009-11-05;0.102;0.102;0.102;117.48925;0.102
2009-11-06;0.564;0.102;0.606;117.63525;0.354
2009-11-07;0.438;0.102;0.606;117.744333333333;0.354
2009-11-08;0.312;0.102;0.606;117.780583333333;0.354
2009-11-09;0.396;0.102;0.606;117.962083333333;0.354
2009-11-10;0.102;0.102;0.102;118.17975;0.102
2009-11-11;0.102;0.102;0.102;118.215666666667;0.102
2009-11-12;0.102;0.102;0.102;118.25225;0.102
2009-11-13;0.48;0.102;0.606;118.10725;0.354
2009-11-14;0.606;0.606;0.606;118.10725;0.606
2009-11-15;0.606;0.606;0.606;118.071;0.606
2009-11-16;0.606;0.606;0.606;118.03475;0.606
2009-11-17;0.606;0.606;0.606;117.925833333333;0.606
2009-11-18;0.606;0.606;0.606;118.07075;0.606
2009-11-19;0.606;0.606;0.606;118.143333333333;0.606
2009-11-20;0.606;0.606;0.606;117.925916666667;0.606
2009-11-21;0.606;0.606;0.606;118.07075;0.606
2009-11-22;0.606;0.606;0.606;118.03475;0.606
2009-11-23;0.606;0.606;0.606;117.9985;0.606
2009-11-24;0.564;0.102;0.606;117.925833333333;0.354
2009-11-25;0.186;0.102;0.606;118.107;0.354
2009-11-26;0.102;0.102;0.102;117.889416666667;0.102
2009-11-27;0.102;0.102;0.102;118.07075;0.102
2009-11-28;-0.192;-0.402;0.102;118.10725;-0.15
2009-11-29;-0.234;-0.402;0.102;118.467583333333;-0.15
2009-11-30;0.102;0.102;0.102;117.9985;0.102
2009-12-01;0.102;0.102;0.102;118.1435;0.102
2009-12-02;0.102;0.102;0.102;117.853166666667;0.102
2009-12-03;0.102;0.102;0.102;117.816916666667;0.102
2009-12-04;0.102;0.102;0.102;117.816916666667;0.102
2009-12-05;0.102;0.102;0.102;117.8895;0.102
2009-12-06;0.102;0.102;0.102;117.853166666667;0.102
2009-12-07;0.312;0.102;0.606;117.599;0.354
2009-12-08;0.606;0.606;0.606;117.962166666667;0.606
2009-12-09;0.606;0.606;0.606;117.817;0.606
2009-12-10;0.606;0.606;0.606;117.998416666667;0.606
2009-12-11;0.606;0.606;0.606;117.998333333333;0.606
2009-12-12;0.48;0.102;0.606;118.252083333333;0.354
2009-12-13;0.144;0.102;0.606;118.4325;0.354
2009-12-14;0.102;0.102;0.102;118.865666666667;0.102
2009-12-15;0.102;0.102;0.102;118.97325;0.102
2009-12-16;0.102;0.102;0.102;119.152833333333;0.102
2009-12-17;0.102;0.102;0.102;119.260583333333;0.102
2009-12-18;-0.192;-0.402;0.102;119.331083333333;-0.15
2009-12-19;-0.402;-0.402;-0.402;119.3655;-0.402
2009-12-20;-0.402;-0.402;-0.402;119.366833333333;-0.402
2009-12-21;-0.402;-0.402;-0.402;119.475083333333;-0.402
2009-12-22;-0.15;-0.402;0.102;119.080166666667;-0.15
2009-12-23;0.102;0.102;0.102;119.150666666667;0.102
2009-12-24;0.102;0.102;0.102;119.222333333333;0.102
2009-12-25;0.102;0.102;0.102;118.90025;0.102
2009-12-26;0.102;0.102;0.102;118.755333333333;0.102
2009-12-27;0.102;0.102;0.102;118.900833333333;0.102
2009-12-28;0.102;0.102;0.102;119.009;0.102
2009-12-29;0.102;0.102;0.102;119.008416666667;0.102
2009-12-30;0.102;0.102;0.102;119.295833333333;0.102
2009-12-31;0.102;0.102;0.102;119.295833333333;0.102
2010-01-01;0.102;0.102;0.102;119.296333333333;0.102
2010-01-02;0.102;0.102;0.102;119.222666666667;0.102
2010-01-03;0.102;0.102;0.102;119.186333333333;0.102
2010-01-04;0.102;0.102;0.102;119.15075;0.102
2010-01-05;0.102;0.102;0.102;119.653333333333;0.102
2010-01-06;0.102;0.102;0.102;119.544833333333;0.102
2010-01-07;0.102;0.102;0.102;119.581666666667;0.102
2010-01-08;0.102;0.102;0.102;119.61725;0.102
2010-01-09;0.102;0.102;0.102;120.007166666667;0.102
2010-01-10;0.102;0.102;0.102;119.831083333333;0.102
2010-01-11;0.102;0.102;0.102;119.829166666667;0.102
2010-01-12;0.102;0.102;0.102;120.256416666667;0.102
2010-01-13;0.102;0.102;0.102;120.32675;0.102
2010-01-14;0.102;0.102;0.102;120.503166666667;0.102
2010-01-15;0.102;0.102;0.102;120.044083333333;0.102
2010-01-16;0.102;0.102;0.102;120.4685;0.102
2010-01-17;0.102;0.102;0.102;120.468666666667;0.102
2010-01-18;0.102;0.102;0.102;120.434583333333;0.102
2010-01-19;0.102;0.102;0.102;120.6115;0.102
2010-01-20;0.102;0.102;0.102;120.32875;0.102
2010-01-21;0.102;0.102;0.102;120.752583333333;0.102
2010-01-22;0.102;0.102;0.102;120.576583333333;0.102
2010-01-23;0.102;0.102;0.102;120.717666666667;0.102
2010-01-24;0.102;0.102;0.102;120.576583333333;0.102
2010-01-25;0.102;0.102;0.102;120.788166666667;0.102
2010-01-26;0.102;0.102;0.102;120.647083333333;0.102
2010-01-27;0.102;0.102;0.102;120.68225;0.102
2010-01-28;0.102;0.102;0.102;120.753083333333;0.102
2010-01-29;0.102;0.102;0.102;120.612;0.102
2010-01-30;0.102;0.102;0.102;120.858833333333;0.102
2010-01-31;0.102;0.102;0.102;120.682416666667;0.102
2010-02-01;0.102;0.102;0.102;120.647333333333;0.102
2010-02-02;0.102;0.102;0.102;120.718;0.102
2010-02-03;0.102;0.102;0.102;120.752833333333;0.102
2010-02-04;0.102;0.102;0.102;120.612;0.102
2010-02-05;0.102;0.102;0.102;120.788166666667;0.102
2010-02-06;0.102;0.102;0.102;120.647333333333;0.102
2010-02-07;0.102;0.102;0.102;120.682416666667;0.102
2010-02-08;0.102;0.102;0.102;120.71775;0.102
2010-02-09;0.102;0.102;0.102;120.682666666667;0.102
2010-02-10;0.102;0.102;0.102;120.824;0.102
2010-02-11;0.102;0.102;0.102;120.788666666667;0.102
2010-02-12;0.102;0.102;0.102;120.64725;0.102
2010-02-13;0.102;0.102;0.102;120.682666666667;0.102
2010-02-14;0.102;0.102;0.102;120.682666666667;0.102
2010-02-15;0.102;0.102;0.102;120.647333333333;0.102
2010-02-16;0.102;0.102;0.102;120.647333333333;0.102
2010-02-17;0.102;0.102;0.102;120.682583333333;0.102
2010-02-18;0.102;0.102;0.102;120.470416666667;0.102
2010-02-19;0.102;0.102;0.102;120.470416666667;0.102
2010-02-20;0.102;0.102;0.102;120.50575;0.102
2010-02-21;0.102;0.102;0.102;120.435083333333;0.102
2010-02-22;0.102;0.102;0.102;120.435083333333;0.102
2010-02-23;0.102;0.102;0.102;120.364083333333;0.102
2010-02-24;0.102;0.102;0.102;120.293333333333;0.102
2010-02-25;0.102;0.102;0.102;120.1515;0.102
2010-02-26;0.102;0.102;0.102;120.187;0.102
2010-02-27;0.102;0.102;0.102;120.11625;0.102
2010-02-28;0.102;0.102;0.102;120.11625;0.102
2010-03-01;0.102;0.102;0.102;120.0805;0.102
2010-03-02;0.102;0.102;0.102;119.9385;0.102
2010-03-03;0.102;0.102;0.102;119.689583333333;0.102
2010-03-04;0.102;0.102;0.102;119.76075;0.102
2010-03-05;0.102;0.102;0.102;119.796;0.102
2010-03-06;0.102;0.102;0.102;119.68925;0.102
2010-03-07;0.102;0.102;0.102;119.617916666667;0.102
2010-03-08;0.102;0.102;0.102;119.689083333333;0.102
2010-03-09;0.102;0.102;0.102;119.47525;0.102
2010-03-10;0.102;0.102;0.102;119.617916666667;0.102
2010-03-11;0.102;0.102;0.102;119.511;0.102
2010-03-12;0.102;0.102;0.102;119.439333333333;0.102
2010-03-13;0.102;0.102;0.102;119.40375;0.102
2010-03-14;0.102;0.102;0.102;119.33225;0.102
2010-03-15;0.102;0.102;0.102;119.296333333333;0.102
2010-03-16;0.102;0.102;0.102;119.081166666667;0.102
2010-03-17;0.102;0.102;0.102;119.18875;0.102
2010-03-18;0.102;0.102;0.102;119.081333333333;0.102
2010-03-19;0.102;0.102;0.102;119.0095;0.102
2010-03-20;0.102;0.102;0.102;119.081333333333;0.102
2010-03-21;0.102;0.102;0.102;119.116916666667;0.102
2010-03-22;0.102;0.102;0.102;119.296;0.102
2010-03-23;0.102;0.102;0.102;119.009333333333;0.102
2010-03-24;0.102;0.102;0.102;119.0095;0.102
2010-03-25;0.102;0.102;0.102;118.901583333333;0.102
2010-03-26;0.102;0.102;0.102;118.829916666667;0.102
2010-03-27;0.102;0.102;0.102;118.82925;0.102
2010-03-28;0.102;0.102;0.102;119.065636363636;0.102
2010-03-29;0.102;0.102;0.102;118.755666666667;0.102
2010-03-30;0.102;0.102;0.102;119.078666666667;0.102
2010-03-31;0.102;0.102;0.102;118.862333333333;0.102
2010-04-01;0.102;0.102;0.102;118.899916666667;0.102
2010-04-02;0.102;0.102;0.102;118.684916666667;0.102
2010-04-03;0.102;0.102;0.102;118.541083333333;0.102
2010-04-04;0.102;0.102;0.102;118.396416666667;0.102
2010-04-05;0.102;0.102;0.102;118.396916666667;0.102
2010-04-06;0.102;0.102;0.102;118.61275;0.102
2010-04-07;0.102;0.102;0.102;118.4325;0.102
2010-04-08;0.102;0.102;0.102;118.793333333333;0.102
2010-04-09;0.102;0.102;0.102;118.505166666667;0.102
2010-04-10;0.102;0.102;0.102;118.468583333333;0.102
2010-04-11;0.102;0.102;0.102;118.360666666667;0.102
2010-04-12;0.102;0.102;0.102;118.541083333333;0.102
2010-04-13;0.102;0.102;0.102;118.469083333333;0.102
2010-04-14;0.102;0.102;0.102;118.360166666667;0.102
2010-04-15;0.102;0.102;0.102;118.5775;0.102
2010-04-16;0.102;0.102;0.102;118.505166666667;0.102
2010-04-17;0.102;0.102;0.102;118.505166666667;0.102
2010-04-18;0.102;0.102;0.102;118.54125;0.102
2010-04-19;0.102;0.102;0.102;118.433166666667;0.102
2010-04-20;0.102;0.102;0.102;118.360833333333;0.102
2010-04-21;0.102;0.102;0.102;118.396583333333;0.102
2010-04-22;0.102;0.102;0.102;118.433166666667;0.102
2010-04-23;0.102;0.102;0.102;118.433;0.102
2010-04-24;0.102;0.102;0.102;118.433;0.102
2010-04-25;0.102;0.102;0.102;118.46925;0.102
2010-04-26;0.102;0.102;0.102;118.324583333333;0.102
2010-04-27;0.102;0.102;0.102;118.396916666667;0.102
2010-04-28;0.102;0.102;0.102;118.215833333333;0.102
2010-04-29;0.102;0.102;0.102;118.216;0.102
2010-04-30;0.102;0.102;0.102;117.59775;0.102
2010-05-01;0.102;0.102;0.102;115.9095;0.102
2010-05-02;0.102;0.102;0.102;115.055166666667;0.102
2010-05-03;0.102;0.102;0.102;114.7565;0.102
2010-05-04;0.102;0.102;0.102;113.626833333333;0.102
2010-05-05;0.144;0.102;0.606;107.9685;0.354
2010-05-06;0.48;0.102;0.606;84.5031666666667;0.354
2010-05-07;0.606;0.606;0.606;83.5769166666667;0.606
2010-05-08;0.606;0.606;0.606;83.671;0.606
2010-05-09;0.564;0.102;0.606;83.5769166666667;0.354
2010-05-10;0.564;0.102;0.606;83.6235833333333;0.354
2010-05-11;0.396;0.102;0.606;83.53;0.354
2010-05-12;0.606;0.606;0.606;82.681;0.606
2010-05-13;0.606;0.606;0.606;82.1625;0.606
2010-05-14;0.606;0.606;0.606;82.1150833333333;0.606
2010-05-15;0.606;0.606;0.606;80.6401666666667;0.606
2010-05-16;0.606;0.606;0.606;80.59225;0.606
2010-05-17;0.606;0.606;0.606;80.8310833333333;0.606
2010-05-18;0.606;0.606;0.606;80.6404166666667;0.606
2010-05-19;0.606;0.606;0.606;80.7833333333333;0.606
2010-05-20;0.606;0.606;0.606;24.1718333333333;0.606
2010-05-21;0.606;0.606;0.606;3.63541666666667;0.606
2010-05-22;0.606;0.606;0.606;4.093;0.606
2010-05-23;0.606;0.606;0.606;4.4845;0.606
2010-05-24;0.606;0.606;0.606;5.8515;0.606
2010-05-25;0.606;0.606;0.606;6.3705;0.606
2010-05-26;0.606;0.606;0.606;6.37066666666667;0.606
2010-05-27;0.606;0.606;0.606;6.43541666666667;0.606
2010-05-28;0.606;0.606;0.606;6.69458333333333;0.606
2010-05-29;0.606;0.606;0.606;6.24016666666667;0.606
2010-05-30;0.606;0.606;0.606;3.30825;0.606
2010-05-31;0.606;0.606;0.606;3.23258333333333;0.606
2010-06-01;0.606;0.606;0.606;-6.25008333333333;0.606
2010-06-02;0.606;0.606;0.606;-4.57166666666667;0.606
2010-06-03;0.606;0.606;0.606;-4.43766666666667;0.606
2010-06-04;0.606;0.606;0.606;-4.30366666666667;0.606
2010-06-05;0.606;0.606;0.606;-4.03633333333333;0.606
2010-06-06;0.606;0.606;0.606;-3.70216666666667;0.606
2010-06-07;0.606;0.606;0.606;-3.36825;0.606
2010-06-08;0.689833333333333;0.606;1.109;-3.36883333333333;0.8575
2010-06-09;1.40241666666667;1.109;1.612;5.42708333333333;1.3605
2010-06-10;7.18541666666667;3.122;11.162;-3.60891666666667;7.142
2010-06-11;9.02741666666667;6.139;13.671;-16.5055;9.905
2010-06-12;9.613;6.642;14.674;27.1544166666667;10.658
2010-06-13;9.52958333333333;6.642;15.176;118.935;10.909
2010-06-14;8.48341666666667;5.637;12.166;118.934583333333;8.9015
2010-06-15;7.52108333333333;6.642;9.154;119.224333333333;7.898
2010-06-16;8.10683333333333;6.139;10.66;118.973083333333;8.3995
2010-06-17;7.0605;5.637;8.652;119.33175;7.1445
2010-06-18;7.39491666666667;4.128;10.66;118.972916666667;7.394
2010-06-19;6.223;4.631;8.652;119.439166666667;6.6415
2010-06-20;2.53491666666667;1.109;4.128;120.115833333333;2.6185
2010-06-21;4.71375;1.612;9.154;119.036416666667;5.383
2010-06-22;6.43083333333333;2.116;11.664;118.157583333333;6.89
2010-06-23;8.18933333333333;4.128;13.671;117.028083333333;8.8995
2010-06-24;9.40375;5.637;14.173;116.466166666667;9.905
2010-06-25;9.4875;5.637;13.671;115.5825;9.654
2010-06-26;10.1986666666667;6.139;14.674;115.354833333333;10.4065
2010-06-27;11.3285;7.647;16.68;115.888666666667;12.1635
2010-06-28;11.5794166666667;8.149;16.68;116.173666666667;12.4145
2010-06-29;11.2034166666667;8.652;15.677;118.354416666667;12.1645
2010-06-30;11.1194166666667;8.149;15.176;117.983916666667;11.6625
2010-07-01;12.2906666666667;9.656;16.179;117.3415;12.9175
2010-07-02;11.9143333333333;9.154;15.677;118.82625;12.4155
2010-07-03;12.5836666666667;10.158;16.179;117.913166666667;13.1685
2010-07-04;12.41625;9.656;15.677;118.356083333333;12.6665
2010-07-05;12.95975;10.158;16.68;118.425833333333;13.419
2010-07-06;12.1236666666667;9.656;14.674;117.645916666667;12.165
2010-07-07;11.91425;8.149;15.176;116.592916666667;11.6625
2010-07-08;13.3779166666667;10.66;16.68;115.826416666667;13.67
2010-07-09;13.5031666666667;10.158;16.68;117.274666666667;13.419
2010-07-10;14.50675;12.166;17.181;117.399166666667;14.6735
2010-07-11;13.7125;11.162;16.179;116.528833333333;13.6705
2010-07-12;14.0050833333333;11.664;17.181;114.839083333333;14.4225
2010-07-13;13.7546666666667;12.166;15.677;116.391083333333;13.9215
2010-07-14;13.7961666666667;11.664;17.181;113.8685;14.4225
2010-07-15;13.7125;11.162;16.68;113.658833333333;13.921
2010-07-16;14.1305833333333;11.664;16.68;115.078583333333;14.172
2010-07-17;13.4620833333333;11.664;15.677;114.56125;13.6705
2010-07-18;11.046;7.647;16.102;110.6272;11.8745
2010-07-19;13.407875;8.585;19.106;92.04025;13.8455
2010-07-20;14.347125;10.089;21.107;91.527625;15.598
2010-07-21;13.909375;10.59;21.107;92.48575;15.8485
2010-07-22;12.782375;10.59;18.104;95.62875;14.347
2010-07-23;10.65275;7.081;14.098;100.943;10.5895
2010-07-24;8.0825;3.569;13.597;89.65125;8.583
2010-07-25;8.5835;3.067;14.599;88.286;8.833
2010-07-26;9.08525;4.573;15.1;88.399875;9.8365
2010-07-27;10.338875;7.081;15.601;83.264625;11.341
2010-07-28;11.09;6.579;17.103;87.828;11.841
2010-07-29;8.96125;7.081;10.089;99.546125;8.585
2010-07-30;7.76925;3.067;13.096;91.883875;8.0815
2010-07-31;10.0875;4.573;16.102;90.755125;10.3375
2010-08-01;12.468375;7.582;19.106;90.878375;13.344
2010-08-02;11.154125;8.585;14.599;100.88225;11.592
2010-08-03;9.149125;6.579;13.096;100.158125;9.8375
2010-08-04;9.210625;4.573;14.599;93.63825;9.586
2010-08-05;6.8925;4.573;8.585;104.090375;6.579
2010-08-06;6.76625;2.566;11.593;92.289125;7.0795
2010-08-07;8.207;2.566;14.599;86.826;8.5825
2010-08-08;10.4015;6.078;15.601;87.499625;10.8395
2010-08-09;10.964875;6.579;16.602;81.881;11.5905
2010-08-10;12.218125;7.582;17.604;88.88125;12.593
2010-08-11;12.343875;9.087;16.602;92.031125;12.8445
2010-08-12;11.467125;8.585;15.601;94.982875;12.093
2010-08-13;10.58975;7.582;14.599;95.6205;11.0905
2010-08-14;8.083625;5.576;10.089;103.778375;7.8325
2010-08-15;6.265625;4.071;9.087;104.1715;6.579
2010-08-16;4.447125;3.569;5.576;106.25025;4.5725
2010-08-17;8.207625;3.569;14.098;96.8035;8.8335
2010-08-18;7.644375;4.071;12.094;96.284375;8.0825
2010-08-19;11.779625;8.084;16.602;94.782;12.343
2010-08-20;11.5925;10.089;14.599;102.80475;12.344
2010-08-21;12.53125;8.585;17.604;99.011875;13.0945
2010-08-22;13.345625;9.588;18.104;91.710875;13.846
2010-08-23;12.9075;9.588;16.602;94.848625;13.095
2010-08-24;11.84325;9.588;14.599;102.480875;12.0935
2010-08-25;11.028125;6.078;15.1;93.0435;10.589
2010-08-26;13.220125;9.087;18.605;88.577875;13.846
2010-08-27;12.595;11.593;14.599;91.830375;13.096
2010-08-28;9.83825;5.576;13.096;92.796125;9.336
2010-08-29;6.515375;2.566;12.094;90.987875;7.33
2010-08-30;5.45025;2.566;9.588;86.43775;6.077
2010-08-31;5.575;1.06;11.092;82.157125;6.076
2010-09-01;7.706;3.067;14.098;86.685125;8.5825
2010-09-02;9.0225;5.074;15.1;88.330125;10.087
2010-09-03;9.2105;5.074;15.1;88.102375;10.087
2010-09-04;9.2105;5.074;15.1;84.174875;10.087
2010-09-05;9.398625;5.074;15.601;82.36725;10.3375
2010-09-06;10.463375;5.576;17.103;78.25;11.3395
2010-09-07;8.083625;6.579;9.087;105.3595;7.833
2010-09-08;5.952125;4.071;9.087;101.777625;6.579
2010-09-09;5.324375;1.562;10.089;95.81525;5.8255
2010-09-10;6.703625;3.067;11.593;94.77675;7.33
2010-09-11;7.894375;3.569;13.096;91.42775;8.3325
2010-09-12;9.461875;6.078;14.599;94.064875;10.3385
2010-09-13;6.8295;3.569;10.59;91.1355;7.0795
2010-09-14;6.577875;2.064;12.094;90.3965;7.079
2010-09-15;9.4615;6.078;15.601;84.857375;10.8395
2010-09-16;8.898;6.579;14.599;92.48;10.589
2010-09-17;7.770375;6.579;9.588;106.947125;8.0835
2010-09-18;6.7045;5.576;8.585;107.570625;7.0805
2010-09-19;5.888625;1.06;12.094;100.850125;6.577
2010-09-20;7.455875;4.071;15.1;95.9175;9.5855
2010-09-21;7.5185;3.569;15.601;95.341;9.585
2010-09-22;7.832;4.071;15.1;89.59675;9.5855
2010-09-23;7.9575;4.573;14.599;89.523125;9.586
2010-09-24;6.2025;2.566;10.089;100.4555;6.3275
2010-09-25;2.126375;0.056;4.573;103.868;2.3145
2010-09-26;2.126;-0.446;8.084;98.811125;3.819
2010-09-27;1.81225;-0.446;7.582;98.626625;3.568
2010-09-28;1.686375;-1.953;6.579;95.703875;2.313
2010-09-29;4.006875;0.056;13.096;93.51275;6.576
2010-09-30;4.133375;1.562;8.084;101.02575;4.823
2010-10-01;5.261875;3.067;11.092;98.500375;7.0795
2010-10-02;6.640375;2.566;15.601;92.81875;9.0835
2010-10-03;7.58175;4.573;12.595;90.589625;8.584
2010-10-04;5.889625;3.067;8.084;99.40725;5.5755
2010-10-05;5.638125;2.566;10.59;106.0105;6.578
2010-10-06;7.329625;3.569;18.104;97.695;10.8365
2010-10-07;8.33325;5.074;17.103;95.7695;11.0885
2010-10-08;8.45925;6.078;13.096;97.612375;9.587
2010-10-09;8.77175;4.573;18.104;96.665875;11.3385
2010-10-10;5.2625;3.569;7.081;105.97125;5.325
2010-10-11;2.94175;0.558;7.081;91.741625;3.8195
2010-10-12;3.818125;-0.446;16.102;84.925125;7.828
2010-10-13;4.19475;0.558;16.102;80.602;8.33
2010-10-14;3.25475;-0.446;10.59;94.46275;5.072
2010-10-15;2.941625;1.06;9.087;99.610875;5.0735
2010-10-16;-0.132875;-1.953;3.067;104.40425;0.557
2010-10-17;-0.886;-2.958;1.562;99.2135;-0.698
2010-10-18;-1.451;-2.958;1.562;102.753625;-0.698
2010-10-19;-1.8905;-4.465;0.558;100.731;-1.9535
2010-10-20;-2.266875;-4.465;0.056;96.253;-2.2045
2010-10-21;-3.523125;-6.475;1.562;92.228875;-2.4565
2010-10-22;-0.8235;-3.962;3.569;87.01875;-0.1965
2010-10-23;0.61975;-2.455;6.078;94.171125;1.8115
2010-10-24;0.808875;-0.446;3.569;104.81675;1.5615
2010-10-25;-0.19525;-1.451;1.06;108.43925;-0.1955
2010-10-26;-1.576375;-2.455;-0.446;109.303375;-1.4505
2010-10-27;-0.760375;-2.958;1.562;109.10325;-0.698
2010-10-28;0.49525;0.056;1.562;107.312375;0.809
2010-10-29;0.05575;-0.949;1.06;105.35825;0.0555
2010-10-30;0.934375;0.056;3.067;98.785125;1.5615
2010-10-31;0.390666666666667;0.056;0.558;110.949666666667;0.307
2010-11-01;0.558;0.558;0.558;111.31275;0.558
2010-11-02;0.558;0.558;0.558;111.61375;0.558
2010-11-03;0.558;0.558;0.558;111.614375;0.558
2010-11-04;0.558;0.558;0.558;111.554;0.558
2010-11-05;0.558;0.558;0.558;111.734125;0.558
2010-11-06;0.558;0.558;0.558;111.7945;0.558
2010-11-07;0.558;0.558;0.558;111.6745;0.558
2010-11-08;0.558;0.558;0.558;112.57225;0.558
2010-11-09;0.558;0.558;0.558;112.930875;0.558
2010-11-10;0.558;0.558;0.558;113.5835;0.558
2010-11-11;0.558;0.558;0.558;113.997125;0.558
2010-11-12;0.558;0.558;0.558;115.112;0.558
2010-11-13;0.558;0.558;0.558;116.098;0.558
2010-11-14;0.558;0.558;0.558;116.56225;0.558
2010-11-15;0.558;0.558;0.558;117.59375;0.558
2010-11-16;0.558;0.558;0.558;118.445375;0.558
2010-11-17;0.558;0.558;0.558;119.123;0.558
2010-11-18;0.558;0.558;0.558;117.799875;0.558
2010-11-19;0.558;0.558;0.558;115.403625;0.558
2010-11-20;0.558;0.558;0.558;115.287125;0.558
2010-11-21;0.558;0.558;0.558;115.984375;0.558
2010-11-22;0.558;0.558;0.558;115.345375;0.558
2010-11-23;0.558;0.558;0.558;113.93625;0.558
2010-11-24;0.558;0.558;0.558;112.45325;0.558
2010-11-25;0.558;0.558;0.558;111.674;0.558
2010-11-26;0.558;0.558;0.558;111.31325;0.558
2010-11-27;0.558;0.558;0.558;111.07175;0.558
2010-11-28;0.558;0.558;0.558;110.95025;0.558
2010-11-29;0.558;0.558;0.558;111.192125;0.558
2010-11-30;0.558;0.558;0.558;110.827125;0.558
2010-12-01;0.558;0.558;0.558;109.729;0.558
2010-12-02;0.558;0.558;0.558;107.011;0.558
2010-12-03;0.558;0.558;0.558;89.739;0.558
2010-12-04;0.558;0.558;0.558;41.50275;0.558
2010-12-05;0.558;0.558;0.558;41.146;0.558
2010-12-06;0.558;0.558;0.558;39.8035;0.558
2010-12-07;0.558;0.558;0.558;37.73025;0.558
2010-12-08;0.558;0.558;0.558;36.00775;0.558
2010-12-09;0.558;0.558;0.558;36.28075;0.558
2010-12-10;0.558;0.558;0.558;35.825375;0.558
2010-12-11;0.558;0.558;0.558;27.534625;0.558
2010-12-12;0.558;0.558;0.558;23.15325;0.558
2010-12-13;0.558;0.558;0.558;22.772875;0.558
2010-12-14;0.558;0.558;0.558;21.52975;0.558
2010-12-15;0.558;0.558;0.558;19.121375;0.558
2010-12-16;0.558;0.558;0.558;15.822875;0.558
2010-12-17;0.558;0.558;0.558;10.897125;0.558
2010-12-18;0.558;0.558;0.558;-18.438875;0.558
2010-12-19;0.558;0.558;0.558;-31.90175;0.558
2010-12-20;0.558;0.558;0.558;-39.33125;0.558
2010-12-21;0.558;0.558;0.558;-39.672;0.558
2010-12-22;0.558;0.558;0.558;-39.672;0.558
2010-12-23;0.558;0.558;0.558;-39.672;0.558
2010-12-24;0.558;0.558;0.558;-39.672;0.558
2010-12-25;0.558;0.558;0.558;-39.672;0.558
2010-12-26;0.558;0.558;0.558;-39.672;0.558
2010-12-27;0.558;0.558;0.558;-39.672;0.558
2010-12-28;0.558;0.558;0.558;-39.558375;0.558
2010-12-29;0.558;0.558;0.558;-39.672;0.558
2010-12-30;0.558;0.558;0.558;-39.558375;0.558
2010-12-31;0.558;0.558;0.558;-39.558375;0.558
2011-01-01;0.558;0.558;0.558;-39.44475;0.558
2011-01-02;0.558;0.558;0.558;-39.672;0.558
2011-01-03;0.558;0.558;0.558;-39.558375;0.558
2011-01-04;0.558;0.558;0.558;-39.672;0.558
2011-01-05;0.558;0.558;0.558;-39.558375;0.558
2011-01-06;0.558;0.558;0.558;-39.672;0.558
2011-01-07;0.558;0.558;0.558;-39.672;0.558
2011-01-08;0.558;0.558;0.558;-39.44475;0.558
2011-01-09;0.558;0.558;0.558;-39.558375;0.558
2011-01-10;0.558;0.558;0.558;-39.672;0.558
2011-01-11;0.558;0.558;0.558;-39.44475;0.558
2011-01-12;0.558;0.558;0.558;-39.44475;0.558
2011-01-13;0.558;0.558;0.558;-39.558375;0.558
2011-01-14;0.558;0.558;0.558;-39.44475;0.558
2011-01-15;0.558;0.558;0.558;-39.558375;0.558
2011-01-16;0.558;0.558;0.558;-39.44475;0.558
2011-01-17;0.558;0.558;0.558;-39.672;0.558
2011-01-18;0.558;0.558;0.558;-39.558375;0.558
2011-01-19;0.558;0.558;0.558;-39.558375;0.558
2011-01-20;0.558;0.558;0.558;-39.672;0.558
2011-01-21;0.558;0.558;0.558;-39.672;0.558
2011-01-22;0.558;0.558;0.558;-39.672;0.558
2011-01-23;0.558;0.558;0.558;-39.558375;0.558
2011-01-24;0.558;0.558;0.558;-39.558375;0.558
2011-01-25;0.558;0.558;0.558;-39.44475;0.558
2011-01-26;0.558;0.558;0.558;-39.558375;0.558
2011-01-27;0.558;0.558;0.558;-39.672;0.558
2011-01-28;0.558;0.558;0.558;-39.558375;0.558
2011-01-29;0.558;0.558;0.558;-39.672;0.558
2011-01-30;0.558;0.558;0.558;-39.44475;0.558
2011-01-31;0.558;0.558;0.558;-39.558375;0.558
2011-02-01;0.558;0.558;0.558;-39.672;0.558
2011-02-02;0.558;0.558;0.558;-39.672;0.558
2011-02-03;0.558;0.558;0.558;-39.672;0.558
2011-02-04;0.558;0.558;0.558;-39.672;0.558
2011-02-05;0.558;0.558;0.558;-39.672;0.558
2011-02-06;0.558;0.558;0.558;-39.672;0.558
2011-02-07;0.558;0.558;0.558;-39.558375;0.558
2011-02-08;0.558;0.558;0.558;-39.672;0.558
2011-02-09;0.558;0.558;0.558;-39.44475;0.558
2011-02-10;0.558;0.558;0.558;-39.672;0.558
2011-02-11;0.558;0.558;0.558;-39.558375;0.558
2011-02-12;0.558;0.558;0.558;-39.672;0.558
2011-02-13;0.558;0.558;0.558;-39.672;0.558
2011-02-14;0.558;0.558;0.558;-39.558375;0.558
2011-02-15;0.558;0.558;0.558;-39.558375;0.558
2011-02-16;0.558;0.558;0.558;-39.558375;0.558
2011-02-17;0.558;0.558;0.558;-39.672;0.558
2011-02-18;0.558;0.558;0.558;-39.672;0.558
2011-02-19;0.558;0.558;0.558;-39.672;0.558
2011-02-20;0.558;0.558;0.558;-39.558375;0.558
2011-02-21;0.558;0.558;0.558;-39.672;0.558
2011-02-22;0.558;0.558;0.558;-39.558375;0.558
2011-02-23;0.558;0.558;0.558;-39.558375;0.558
2011-02-24;0.558;0.558;0.558;-39.672;0.558
2011-02-25;0.558;0.558;0.558;-39.672;0.558
2011-02-26;0.558;0.558;0.558;-39.44475;0.558
2011-02-27;0.558;0.558;0.558;-39.672;0.558
2011-02-28;0.558;0.558;0.558;-39.672;0.558
2011-03-01;0.558;0.558;0.558;-39.672;0.558
2011-03-02;0.558;0.558;0.558;-39.558375;0.558
2011-03-03;0.558;0.558;0.558;-39.672;0.558
2011-03-04;0.558;0.558;0.558;-39.558375;0.558
2011-03-05;0.558;0.558;0.558;-39.672;0.558
2011-03-06;0.558;0.558;0.558;-39.672;0.558
2011-03-07;0.558;0.558;0.558;-39.672;0.558
2011-03-08;0.558;0.558;0.558;-39.558375;0.558
2011-03-09;0.558;0.558;0.558;-39.672;0.558
2011-03-10;0.558;0.558;0.558;-39.672;0.558
2011-03-11;0.558;0.558;0.558;-39.558375;0.558
2011-03-12;0.558;0.558;0.558;-39.672;0.558
2011-03-13;0.558;0.558;0.558;-39.672;0.558
2011-03-14;0.558;0.558;0.558;-39.672;0.558
2011-03-15;0.558;0.558;0.558;-39.672;0.558
2011-03-16;0.558;0.558;0.558;-39.44475;0.558
2011-03-17;0.558;0.558;0.558;-39.672;0.558
2011-03-18;0.558;0.558;0.558;-39.672;0.558
2011-03-19;0.558;0.558;0.558;-39.672;0.558
2011-03-20;0.558;0.558;0.558;-39.672;0.558
2011-03-21;0.558;0.558;0.558;-39.672;0.558
2011-03-22;0.558;0.558;0.558;-39.558375;0.558
2011-03-23;0.558;0.558;0.558;-39.672;0.558
2011-03-24;0.558;0.558;0.558;-39.672;0.558
2011-03-25;0.558;0.558;0.558;-39.672;0.558
2011-03-26;0.558;0.558;0.558;-39.672;0.558
2011-03-27;0.558;0.558;0.558;-39.672;0.558
2011-03-28;0.558;0.558;0.558;-39.672;0.558
2011-03-29;0.558;0.558;0.558;-39.558375;0.558
2011-03-30;0.558;0.558;0.558;-39.672;0.558
2011-03-31;0.558;0.558;0.558;-39.672;0.558
2011-04-01;0.558;0.558;0.558;-39.558375;0.558
2011-04-02;0.558;0.558;0.558;-39.672;0.558
2011-04-03;0.558;0.558;0.558;-39.672;0.558
2011-04-04;0.558;0.558;0.558;-39.558375;0.558
2011-04-05;0.558;0.558;0.558;-39.672;0.558
2011-04-06;0.558;0.558;0.558;-39.672;0.558
2011-04-07;0.558;0.558;0.558;-39.44475;0.558
2011-04-08;0.558;0.558;0.558;-39.331125;0.558
2011-04-09;0.4325;0.056;0.558;-39.558375;0.307
2011-04-10;0.558;0.558;0.558;-39.672;0.558
2011-04-11;0.558;0.558;0.558;-39.672;0.558
2011-04-12;0.558;0.558;0.558;-39.672;0.558
2011-04-13;0.558;0.558;0.558;-39.672;0.558
2011-04-14;0.558;0.558;0.558;-39.672;0.558
2011-04-15;0.558;0.558;0.558;-39.672;0.558
2011-04-16;0.558;0.558;0.558;-39.672;0.558
2011-04-17;0.558;0.558;0.558;-39.558375;0.558
2011-04-18;0.558;0.558;0.558;-39.558375;0.558
2011-04-19;0.558;0.558;0.558;-39.558375;0.558
2011-04-20;0.558;0.558;0.558;-39.672;0.558
2011-04-21;0.558;0.558;0.558;-39.672;0.558
2011-04-22;0.558;0.558;0.558;-39.672;0.558
2011-04-23;0.558;0.558;0.558;-39.558375;0.558
2011-04-24;0.558;0.558;0.558;-39.672;0.558
2011-04-25;0.558;0.558;0.558;-39.672;0.558
2011-04-26;0.558;0.558;0.558;-39.672;0.558
2011-04-27;0.558;0.558;0.558;-39.672;0.558
2011-04-28;0.558;0.558;0.558;-39.672;0.558
2011-04-29;0.558;0.558;0.558;-39.672;0.558
2011-04-30;0.558;0.558;0.558;-39.672;0.558
2011-05-01;0.558;0.558;0.558;-39.558375;0.558
2011-05-02;0.558;0.558;0.558;-39.558375;0.558
2011-05-03;0.558;0.558;0.558;-39.672;0.558
2011-05-04;0.558;0.558;0.558;-39.672;0.558
2011-05-05;0.558;0.558;0.558;-39.672;0.558
2011-05-06;0.558;0.558;0.558;-39.672;0.558
2011-05-07;0.558;0.558;0.558;-39.672;0.558
2011-05-08;0.558;0.558;0.558;-39.558375;0.558
2011-05-09;0.558;0.558;0.558;-39.672;0.558
2011-05-10;0.558;0.558;0.558;-39.558375;0.558
2011-05-11;0.558;0.558;0.558;-39.672;0.558
2011-05-12;0.558;0.558;0.558;-39.558375;0.558
2011-05-13;0.62075;0.558;1.06;-39.672;0.809
2011-05-14;0.62075;0.558;1.06;-39.672;0.809
2011-05-15;0.558;0.558;0.558;-39.672;0.558
2011-05-16;0.558;0.558;0.558;-39.44475;0.558
2011-05-17;0.62075;0.558;1.06;-39.558375;0.809
2011-05-18;0.6835;0.558;1.06;-39.672;0.809
2011-05-19;0.74625;0.558;1.06;-39.672;0.809
2011-05-20;0.74625;0.558;1.06;-39.672;0.809
2011-05-21;0.809;0.558;1.06;-39.672;0.809
2011-05-22;0.99725;0.558;1.06;-39.672;0.809
2011-05-23;1.06;1.06;1.06;-39.558375;1.06
2011-05-24;1.06;1.06;1.06;-39.44475;1.06
2011-05-25;1.06;1.06;1.06;-39.558375;1.06
2011-05-26;1.06;1.06;1.06;-39.672;1.06
2011-05-27;0.74625;0.558;1.06;-39.672;0.809
2011-05-28;0.99725;0.558;1.06;-39.558375;0.809
2011-05-29;1.06;1.06;1.06;-39.672;1.06
2011-05-30;1.12275;1.06;1.562;-39.672;1.311
2011-05-31;1.06;1.06;1.06;-39.672;1.06
2011-06-01;1.12275;1.06;1.562;-39.44475;1.311
2011-06-02;1.24825;1.06;1.562;-39.672;1.311
2011-06-03;1.311;1.06;1.562;-39.672;1.311
2011-06-04;0.99725;0.558;1.06;-39.672;0.809
2011-06-05;0.87175;0.558;1.06;-39.672;0.809
2011-06-06;0.9345;0.558;1.562;-39.672;1.06
2011-06-07;1.311;1.06;1.562;-39.672;1.311
2011-06-08;1.37375;1.06;1.562;-39.44475;1.311
2011-06-09;1.1855;1.06;1.562;-39.558375;1.311
2011-06-10;1.562;1.06;2.064;-39.672;1.562
2011-06-11;1.62475;1.562;2.064;-39.558375;1.813
2011-06-12;1.813;1.562;2.064;-39.44475;1.813
2011-06-13;2.62825;2.064;3.569;-39.558375;2.8165
2011-06-14;4.384375;2.566;7.582;-39.331125;5.074
2011-06-15;7.455625;3.067;13.597;-38.99025;8.332
2011-06-16;8.70925;4.573;16.102;-38.763;10.3375
2011-06-17;8.647375;5.074;12.094;-37.53175;8.584
2011-06-18;7.394;5.074;9.087;-35.680125;7.0805
2011-06-19;6.76625;3.067;13.597;3.92375;8.332
2011-06-20;9.08425;3.569;18.104;0.441750000000001;10.8365
2011-06-21;10.52575;5.074;20.607;54.1495;12.8405
2011-06-22;10.0265;8.585;12.595;-29.923125;10.59
2011-06-23;8.961125;7.081;11.593;-37.307625;9.337
2011-06-24;8.9605;5.576;14.599;-3.624125;10.0875
2011-06-25;10.1495;4.573;20.107;28.95875;12.34
2011-06-26;11.9035;6.078;22.608;27.817375;14.343
2011-06-27;13.344875;8.585;23.109;26.19875;15.847
2011-06-28;13.658;9.087;23.609;28.772;16.348
2011-06-29;13.721;9.087;21.608;20.585125;15.3475
2011-06-30;12.468875;9.588;19.606;22.08025;14.597
2011-07-01;9.899875;6.078;19.106;39.673875;12.592
2011-07-02;9.085;5.074;18.605;37.512125;11.8395
2011-07-03;8.9595;4.071;19.106;40.17825;11.5885
2011-07-04;9.023625;6.078;12.094;0.00662499999999977;9.086
2011-07-05;10.401125;6.579;19.106;24.457625;12.8425
2011-07-06;9.90075;6.579;13.096;14.55925;9.8375
2011-07-07;11.0285;8.084;15.1;24.66525;11.592
2011-07-08;10.903375;8.084;14.098;9.502375;11.091
2011-07-09;12.3435;8.585;19.606;39.504;14.0955
2011-07-10;11.34175;8.084;14.599;32.24725;11.3415
2011-07-11;12.093125;8.585;19.106;37.23475;13.8455
2011-07-12;13.094625;9.087;22.108;43.232;15.5975
2011-07-13;10.277;8.585;11.593;31.712125;10.089
2011-07-14;9.96375;8.084;12.595;14.02;10.3395
2011-07-15;9.52475;6.579;14.098;20.554625;10.3385
2011-07-16;10.276375;6.579;16.102;43.663125;11.3405
2011-07-17;8.836;8.084;9.588;31.553875;8.836
2011-07-18;7.645;6.078;11.092;30.683;8.585
2011-07-19;5.95225;4.573;7.081;47.927875;5.827
2011-07-20;6.579125;4.573;9.087;29.889375;6.83
2011-07-21;7.20575;4.573;11.593;15.113875;8.083
2011-07-22;8.521625;4.573;15.1;36.154125;9.8365
2011-07-23;8.459375;6.579;11.593;16.144625;9.086
2011-07-24;6.26575;4.573;8.585;33.176875;6.579
2011-07-25;6.265;3.067;10.59;24.8495;6.8285
2011-07-26;7.9575;4.573;13.096;32.283125;8.8345
2011-07-27;8.209125;7.081;9.588;14.716625;8.3345
2011-07-28;9.14875;6.579;14.098;39.015875;10.3385
2011-07-29;9.46175;5.576;14.599;38.1865;10.0875
2011-07-30;10.338875;6.579;16.602;42.538875;11.5905
2011-07-31;9.963125;6.579;15.601;46.5005;11.09
2011-08-01;10.526625;7.081;18.605;53.731375;12.843
2011-08-02;11.153125;7.081;19.106;64.897375;13.0935
2011-08-03;11.842875;9.588;16.602;50.596875;13.095
2011-08-04;11.592;8.084;19.106;68.925375;13.595
2011-08-05;11.46675;8.084;19.106;66.12375;13.595
2011-08-06;10.65275;8.585;15.1;51.056625;11.8425
2011-08-07;9.8385;9.087;10.59;40.045;9.8385
2011-08-08;8.64775;7.081;12.094;44.887625;9.5875
2011-08-09;7.142875;4.071;13.096;45.1585;8.5835
2011-08-10;7.480875;4.071;13.096;67.446;8.5835
2011-08-11;8.394375;5.625;13.175;101.2885;9.4
2011-08-12;9.46475;6.633;13.175;100.319375;9.904
2011-08-13;10.0935;7.137;14.18;99.622125;10.6585
2011-08-14;10.09425;7.64;13.175;105.179625;10.4075
2011-08-15;10.40875;8.144;13.678;108.60675;10.911
2011-08-16;10.659625;7.64;14.683;106.517625;11.1615
2011-08-17;11.791625;9.151;15.687;105.456125;12.419
2011-08-18;12.043625;10.158;14.683;108.493625;12.4205
2011-08-19;11.98025;9.654;15.687;101.652625;12.6705
2011-08-20;11.917375;9.151;15.687;93.909875;12.419
2011-08-21;11.602875;9.151;16.189;96.593375;12.67
2011-08-22;12.7975;10.661;16.189;102.80725;13.425
2011-08-23;12.232375;10.158;14.683;103.232;12.4205
2011-08-24;11.414625;9.151;14.683;100.679125;11.917
2011-08-25;11.289;9.654;14.18;102.81125;11.917
2011-08-26;10.78625;8.144;13.175;99.346625;10.6595
2011-08-27;4.804625;3.103;7.64;104.84125;5.3715
2011-08-28;6.253125;3.103;10.661;98.157125;6.882
2011-08-29;7.702875;6.129;10.661;97.167875;8.395
2011-08-30;6.694125;3.607;10.661;92.1165;7.134
2011-08-31;8.016875;5.12;12.17;96.417125;8.645
2011-09-01;9.27625;7.137;12.17;110.876875;9.6535
2011-09-02;9.842125;7.64;13.175;107.635375;10.4075
2011-09-03;10.471875;9.151;12.17;111.96825;10.6605
2011-09-04;10.22025;9.151;12.17;114.813625;10.6605
2011-09-05;8.206625;6.129;9.654;108.4105;7.8915
2011-09-06;5.8755;3.103;10.158;101.895375;6.6305
2011-09-07;7.135625;4.616;10.661;101.411;7.6385
2011-09-08;8.269;5.625;12.17;102.76475;8.8975
2011-09-09;9.14975;6.129;13.175;101.949625;9.652
2011-09-10;10.094125;8.144;13.678;101.74575;10.911
2011-09-11;9.905875;8.648;11.667;102.065875;10.1575
2011-09-12;8.773;7.64;11.667;102.119375;9.6535
2011-09-13;8.394625;5.625;12.673;98.412875;9.149
2011-09-14;9.21325;6.633;12.673;104.9395;9.653
2011-09-15;8.07975;4.616;12.17;92.00125;8.393
2011-09-16;8.52075;5.625;12.17;91.31875;8.8975
2011-09-17;8.647125;6.633;11.164;106.364;8.8985
2011-09-18;4.615;0.073;7.64;116.145;3.8565
2011-09-19;0.199125;-0.938;2.093;113.464125;0.5775
2011-09-20;1.650375;-0.432;5.625;107.914125;2.5965
2011-09-21;4.86725;2.093;8.648;103.33425;5.3705
2011-09-22;5.43475;3.103;9.151;100.54475;6.127
2011-09-23;6.12775;3.607;10.158;100.320125;6.8825
2011-09-24;7.073125;5.12;9.151;107.92425;7.1355
2011-09-25;7.388625;6.129;8.648;112.1635;7.3885
2011-09-26;6.9465;4.112;11.164;106.81675;7.638
2011-09-27;6.63225;4.112;10.158;101.637375;7.135
2011-09-28;6.505875;4.112;9.654;96.04975;6.883
2011-09-29;6.44325;4.616;9.151;104.536125;6.8835
2011-09-30;5.687125;3.607;8.648;96.485;6.1275
2011-10-01;5.75;3.607;9.151;96.801125;6.379
2011-10-02;6.4425;3.607;9.654;95.267;6.6305
2011-10-03;6.820625;4.112;10.661;96.472625;7.3865
2011-10-04;5.68675;3.103;9.151;94.911375;6.127
2011-10-05;5.371625;3.103;9.151;92.093375;6.127
2011-10-06;4.80425;2.598;8.648;90.063625;5.623
2011-10-07;0.8295;-1.949;4.616;105.987;1.3335
2011-10-08;-1.63325;-3.467;0.073;101.702875;-1.697
2011-10-09;0.95625;-1.443;4.112;105.256625;1.3345
2011-10-10;6.2545;4.616;8.648;111.89525;6.632
2011-10-11;3.606875;2.093;6.633;107.002625;4.363
2011-10-12;3.859125;2.598;7.137;98.61175;4.8675
2011-10-13;3.2915;1.588;5.625;101.233;3.6065
2011-10-14;1.650875;0.073;4.616;105.15625;2.3445
2011-10-15;0.3885;-0.938;2.598;97.703;0.83
2011-10-16;0.640875;-0.938;3.607;88.79375;1.3345
2011-10-17;0.3885;-0.938;2.598;99.167375;0.83
2011-10-18;-0.11675;-1.443;1.588;92.58125;0.0725
2011-10-19;0.00975000000000001;-0.938;1.588;112.509625;0.325
2011-10-20;-2.139;-3.973;-0.432;109.68825;-2.2025
2011-10-21;-3.8465;-4.985;-1.949;107.7555;-3.467
2011-10-22;-3.3405;-4.479;-1.949;108.754625;-3.214
2011-10-23;-3.3405;-4.985;-1.443;108.126875;-3.214
2011-10-24;-2.20225;-3.467;-0.938;110.8555;-2.2025
2011-10-25;-0.748125;-1.443;-0.432;114.834375;-0.9375
2011-10-26;-0.49525;-0.938;-0.432;116.96925;-0.685
2011-10-27;-0.62175;-0.938;-0.432;117.08625;-0.685
2011-10-28;-0.368875;-0.432;0.073;117.67;-0.1795
2011-10-29;-0.05325;-0.432;0.073;117.3195;-0.1795
2011-10-30;0.073;0.073;0.073;117.43625;0.073
2011-10-31;0.129111111111111;-0.432;0.578;117.637;0.073
2011-11-01;-0.49525;-0.938;-0.432;116.7915;-0.685
2011-11-02;0.073;-0.432;0.578;117.6695;0.073
2011-11-03;0.578;0.073;1.588;117.7275;0.8305
2011-11-04;0.073;-0.432;0.578;117.8445;0.073
2011-11-05;0.073;0.073;0.073;118.07675;0.073
2011-11-06;0.262375;0.073;0.578;118.135;0.3255
2011-11-07;0.8305;0.073;3.103;118.01875;1.588
2011-11-08;0.388625;0.073;1.588;118.250625;0.8305
2011-11-09;0.19925;-0.432;1.588;118.135;0.578
2011-11-10;-0.62175;-1.443;0.073;116.674875;-0.685
2011-11-11;-1.190375;-1.443;-0.432;116.26325;-0.9375
2011-11-12;-2.012375;-2.961;-0.938;114.11875;-1.9495
2011-11-13;-3.02425;-3.973;-1.443;109.253;-2.708
2011-11-14;-3.3405;-4.479;-1.949;108.197;-3.214
2011-11-15;-4.226;-5.491;-2.961;106.753875;-4.226
2011-11-16;-4.6055;-5.491;-3.467;106.499125;-4.479
2011-11-17;-4.92175;-5.491;-3.973;106.5645;-4.732
2011-11-18;-4.92175;-5.491;-3.467;107.065125;-4.479
2011-11-19;-2.329;-5.491;0.073;110.53325;-2.709
2011-11-20;-1.886;-2.961;-0.432;111.03975;-1.6965
2011-11-21;-1.443625;-2.961;0.578;111.949375;-1.1915
2011-11-22;-2.265375;-2.961;-0.432;111.955125;-1.6965
2011-11-23;-2.5815;-2.961;-1.443;109.678;-2.202
2011-11-24;-3.0875;-3.973;-1.949;105.2285;-2.961
2011-11-25;-3.27725;-4.479;-1.949;102.006;-3.214
2011-11-26;-2.8345;-3.973;-1.443;102.532875;-2.708
2011-11-27;-2.202125;-2.961;-0.938;102.786;-1.9495
2011-11-28;-1.50675;-2.455;0.073;103.50275;-1.191
2011-11-29;-2.64475;-3.973;-1.443;104.653;-2.708
2011-11-30;-2.3285;-2.961;-1.443;107.187;-2.202
2011-12-01;-2.64475;-3.467;-1.949;106.86525;-2.708
2011-12-02;-0.938125;-2.961;1.083;109.24225;-0.939
2011-12-03;-1.190625;-1.949;-0.432;113.881375;-1.1905
2011-12-04;-0.558625;-1.443;0.073;116.728375;-0.685
2011-12-05;-0.81125;-2.455;-0.432;117.841375;-1.4435
2011-12-06;-3.0875;-3.973;-2.455;112.19525;-3.214
2011-12-07;-1.633;-2.455;-0.938;116.4935;-1.6965
2011-12-08;-1.822625;-2.455;-0.938;116.142125;-1.6965
2011-12-09;-1.822625;-2.455;-0.938;115.846125;-1.6965
2011-12-10;-2.39175;-3.467;-1.949;114.482875;-2.708
2011-12-11;-3.3405;-3.467;-2.961;112.6225;-3.214
2011-12-12;-2.455;-3.973;-1.443;114.416;-2.708
2011-12-13;-2.64475;-3.973;-1.443;114.285125;-2.708
2011-12-14;-1.001125;-1.443;-0.938;118.88675;-1.1905
2011-12-15;-1.1905;-1.443;-0.938;118.36625;-1.1905
2011-12-16;-1.253625;-1.443;-0.938;118.3085;-1.1905
2011-12-17;-0.938;-0.938;-0.938;118.944875;-0.938
2011-12-18;-0.938;-0.938;-0.938;119.577125;-0.938
2011-12-19;-0.938;-0.938;-0.938;119.46225;-0.938
2011-12-20;-0.938;-0.938;-0.938;119.5195;-0.938
2011-12-21;-0.938;-0.938;-0.938;119.404875;-0.938
2011-12-22;-0.938;-0.938;-0.938;119.175125;-0.938
2011-12-23;-0.938;-0.938;-0.938;119.405125;-0.938
2011-12-24;-0.8115;-0.938;-0.432;119.4045;-0.685
2011-12-25;-0.49525;-0.938;-0.432;119.175125;-0.685
2011-12-26;-0.432;-0.432;-0.432;119.519875;-0.432
2011-12-27;-0.432;-0.432;-0.432;119.290125;-0.432
2011-12-28;-0.432;-0.432;-0.432;119.34725;-0.432
2011-12-29;-0.432;-0.432;-0.432;119.1175;-0.432
2011-12-30;-0.432;-0.432;-0.432;119.117;-0.432
2011-12-31;-0.432;-0.432;-0.432;119.40325;-0.432
2012-01-01;-0.432;-0.432;-0.432;119.116625;-0.432
2012-01-02;-0.432;-0.432;-0.432;119.462125;-0.432
2012-01-03;-0.432;-0.432;-0.432;119.175125;-0.432
2012-01-04;-0.432;-0.432;-0.432;119.289375;-0.432
2012-01-05;-0.432;-0.432;-0.432;118.944875;-0.432
2012-01-06;-0.432;-0.432;-0.432;119.462;-0.432
2012-01-07;-0.432;-0.432;-0.432;119.289125;-0.432
2012-01-08;-0.432;-0.432;-0.432;119.405125;-0.432
2012-01-09;-0.432;-0.432;-0.432;119.28925;-0.432
2012-01-10;-0.432;-0.432;-0.432;119.11725;-0.432
2012-01-11;-0.432;-0.432;-0.432;119.346625;-0.432
2012-01-12;-0.432;-0.432;-0.432;119.1175;-0.432
2012-01-13;-0.432;-0.432;-0.432;119.289875;-0.432
2012-01-14;-0.432;-0.432;-0.432;119.174875;-0.432
2012-01-15;-0.432;-0.432;-0.432;119.23225;-0.432
2012-01-16;-0.432;-0.432;-0.432;119.059375;-0.432
2012-01-17;-0.432;-0.432;-0.432;119.17375;-0.432
2012-01-18;-0.432;-0.432;-0.432;119.058625;-0.432
2012-01-19;-0.432;-0.432;-0.432;119.116625;-0.432
2012-01-20;-0.432;-0.432;-0.432;118.82875;-0.432
2012-01-21;-0.432;-0.432;-0.432;118.887;-0.432
2012-01-22;-0.432;-0.432;-0.432;119.059625;-0.432
2012-01-23;-0.432;-0.432;-0.432;118.887;-0.432
2012-01-24;-0.432;-0.432;-0.432;119.002;-0.432
2012-01-25;-0.432;-0.432;-0.432;119.117;-0.432
2012-01-26;-0.432;-0.432;-0.432;119.060125;-0.432
2012-01-27;-0.432;-0.432;-0.432;119.232375;-0.432
2012-01-28;-0.432;-0.432;-0.432;119.11725;-0.432
2012-01-29;-0.432;-0.432;-0.432;119.175125;-0.432
2012-01-30;-0.432;-0.432;-0.432;119.175375;-0.432
2012-01-31;-0.432;-0.432;-0.432;119.117;-0.432
2012-02-01;-0.432;-0.432;-0.432;119.290125;-0.432
2012-02-02;-0.432;-0.432;-0.432;119.17425;-0.432
2012-02-03;-0.432;-0.432;-0.432;119.11725;-0.432
2012-02-04;-0.432;-0.432;-0.432;119.1175;-0.432
2012-02-05;-0.432;-0.432;-0.432;118.88675;-0.432
2012-02-06;-0.432;-0.432;-0.432;119.174875;-0.432
2012-02-07;-0.432;-0.432;-0.432;119.174875;-0.432
2012-02-08;-0.432;-0.432;-0.432;119.2325;-0.432
2012-02-09;-0.432;-0.432;-0.432;119.2325;-0.432
2012-02-10;-0.432;-0.432;-0.432;119.40425;-0.432
2012-02-11;-0.432;-0.432;-0.432;119.175125;-0.432
2012-02-12;-0.432;-0.432;-0.432;119.2325;-0.432
2012-02-13;-0.432;-0.432;-0.432;119.290375;-0.432
2012-02-14;-0.432;-0.432;-0.432;119.17475;-0.432
2012-02-15;-0.432;-0.432;-0.432;119.00225;-0.432
2012-02-16;-0.432;-0.432;-0.432;118.944125;-0.432
2012-02-17;-0.432;-0.432;-0.432;119.173625;-0.432
2012-02-18;-0.432;-0.432;-0.432;119.002;-0.432
2012-02-19;-0.432;-0.432;-0.432;118.887;-0.432
2012-02-20;-0.432;-0.432;-0.432;119.174875;-0.432
2012-02-21;-0.432;-0.432;-0.432;118.713375;-0.432
2012-02-22;-0.432;-0.432;-0.432;118.65475;-0.432
2012-02-23;-0.432;-0.432;-0.432;118.829125;-0.432
2012-02-24;-0.432;-0.432;-0.432;118.598375;-0.432
2012-02-25;-0.432;-0.432;-0.432;119.11775;-0.432
2012-02-26;-0.432;-0.432;-0.432;119.059875;-0.432
2012-02-27;-0.432;-0.432;-0.432;118.77175;-0.432
2012-02-28;-0.432;-0.432;-0.432;118.88675;-0.432
2012-03-01;-0.432;-0.432;-0.432;119.346875;-0.432
2012-03-02;-0.432;-0.432;-0.432;118.944125;-0.432
2012-03-03;-0.432;-0.432;-0.432;119.059375;-0.432
2012-03-04;-0.432;-0.432;-0.432;119.060125;-0.432
2012-03-05;-0.432;-0.432;-0.432;119.059875;-0.432
2012-03-06;-0.432;-0.432;-0.432;119.059875;-0.432
2012-03-07;-0.432;-0.432;-0.432;119.346625;-0.432
2012-03-08;-0.432;-0.432;-0.432;119.174875;-0.432
2012-03-09;-0.432;-0.432;-0.432;119.175125;-0.432
2012-03-10;-0.432;-0.432;-0.432;119.175125;-0.432
2012-03-11;-0.432;-0.432;-0.432;119.059875;-0.432
2012-03-12;-0.432;-0.432;-0.432;119.23225;-0.432
2012-03-13;-0.432;-0.432;-0.432;119.2325;-0.432
2012-03-14;-0.432;-0.432;-0.432;119.28975;-0.432
2012-03-15;-0.432;-0.432;-0.432;119.174875;-0.432
2012-03-16;-0.432;-0.432;-0.432;119.117;-0.432
2012-03-17;-0.432;-0.432;-0.432;119.175125;-0.432
2012-03-18;-0.432;-0.432;-0.432;119.1175;-0.432
2012-03-19;-0.432;-0.432;-0.432;119.289875;-0.432
2012-03-20;-0.432;-0.432;-0.432;119.23275;-0.432
2012-03-21;-0.432;-0.432;-0.432;119.174875;-0.432
2012-03-22;-0.432;-0.432;-0.432;119.175375;-0.432
2012-03-23;-0.432;-0.432;-0.432;119.404875;-0.432
2012-03-24;-0.432;-0.432;-0.432;119.404875;-0.432
2012-03-25;-0.432;-0.432;-0.432;119.290375;-0.432
2012-03-26;-0.432;-0.432;-0.432;119.576;-0.432
2012-03-27;-0.432;-0.432;-0.432;119.757285714286;-0.432
2012-03-28;-0.432;-0.432;-0.432;119.577125;-0.432
2012-03-29;-0.432;-0.432;-0.432;119.289625;-0.432
2012-03-30;-0.432;-0.432;-0.432;119.634375;-0.432
2012-03-31;-0.432;-0.432;-0.432;119.51975;-0.432
2012-04-01;-0.432;-0.432;-0.432;119.80625;-0.432
2012-04-02;-0.432;-0.432;-0.432;119.6345;-0.432
2012-04-03;-0.432;-0.432;-0.432;119.91975;-0.432
2012-04-04;-0.432;-0.432;-0.432;119.97775;-0.432
2012-04-05;-0.432;-0.432;-0.432;120.091875;-0.432
2012-04-06;-0.432;-0.432;-0.432;119.748625;-0.432
2012-04-07;-0.432;-0.432;-0.432;119.863375;-0.432
2012-04-08;-0.432;-0.432;-0.432;119.8065;-0.432
2012-04-09;-0.432;-0.432;-0.432;120.09275;-0.432
2012-04-10;-0.368875;-0.432;0.073;120.09275;-0.1795
2012-04-11;-0.432;-0.432;-0.432;119.861875;-0.432
2012-04-12;-0.432;-0.432;-0.432;120.035125;-0.432
2012-04-13;-0.368875;-0.432;0.073;120.035125;-0.1795
2012-04-14;-0.432;-0.432;-0.432;120.49125;-0.432
2012-04-15;-0.432;-0.432;-0.432;120.49125;-0.432
2012-04-16;-0.432;-0.432;-0.432;120.263;-0.432
2012-04-17;-0.432;-0.432;-0.432;120.37625;-0.432
2012-04-18;-0.432;-0.432;-0.432;120.320625;-0.432
2012-04-19;-0.432;-0.432;-0.432;120.490875;-0.432
2012-04-20;-0.432;-0.432;-0.432;120.71875;-0.432
2012-04-21;-0.368875;-0.432;0.073;120.605;-0.1795
2012-04-22;-0.432;-0.432;-0.432;120.605;-0.432
2012-04-23;-0.432;-0.432;-0.432;120.434375;-0.432
2012-04-24;-0.432;-0.432;-0.432;120.3775;-0.432
2012-04-25;-0.368875;-0.432;0.073;120.434;-0.1795
2012-04-26;-0.432;-0.432;-0.432;120.548125;-0.432
2012-04-27;-0.368875;-0.432;0.073;120.148;-0.1795
2012-04-28;-0.432;-0.432;-0.432;120.263375;-0.432
2012-04-29;-0.432;-0.432;-0.432;120.263375;-0.432
2012-04-30;-0.432;-0.432;-0.432;120.661875;-0.432
2012-05-01;-0.432;-0.432;-0.432;120.3775;-0.432
2012-05-02;-0.432;-0.432;-0.432;120.377125;-0.432
2012-05-03;-0.368875;-0.432;0.073;120.206875;-0.1795
2012-05-04;-0.368875;-0.432;0.073;120.32025;-0.1795
2012-05-05;-0.432;-0.432;-0.432;120.377125;-0.432
2012-05-06;-0.368875;-0.432;0.073;120.0355;-0.1795
2012-05-07;-0.432;-0.432;-0.432;120.035125;-0.432
2012-05-08;-0.368875;-0.432;0.073;120.263375;-0.1795
2012-05-09;-0.432;-0.432;-0.432;120.14925;-0.432
2012-05-10;-0.432;-0.432;-0.432;120.32025;-0.432
2012-05-11;-0.30575;-0.432;0.073;120.206125;-0.1795
2012-05-12;-0.116375;-0.432;0.073;120.377125;-0.1795
2012-05-13;-0.116375;-0.432;0.073;120.206125;-0.1795
2012-05-14;0.073;0.073;0.073;120.03475;0.073
2012-05-15;0.073;0.073;0.073;119.6915;0.073
2012-05-16;0.073;0.073;0.073;119.977875;0.073
2012-05-17;0.073;0.073;0.073;119.8065;0.073
2012-05-18;0.073;0.073;0.073;119.749;0.073
2012-05-19;0.073;0.073;0.073;119.34775;0.073
2012-05-20;0.073;0.073;0.073;119.4625;0.073
2012-05-21;0.073;0.073;0.073;119.1165;0.073
2012-05-22;0.073;0.073;0.073;119.290125;0.073
2012-05-23;0.073;0.073;0.073;119.576375;0.073
2012-05-24;0.073;0.073;0.073;119.28975;0.073
2012-05-25;0.3255;0.073;0.578;120.092375;0.3255
2012-05-26;0.578;0.578;0.578;120.09275;0.578
2012-05-27;0.641125;0.578;1.083;120.091625;0.8305
2012-05-28;0.641125;0.578;1.083;120.03475;0.8305
2012-05-29;0.767375;0.578;1.083;120.205625;0.8305
2012-05-30;0.8305;0.578;1.588;120.206875;1.083
2012-05-31;1.083;0.578;2.093;120.541125;1.3355
2012-06-01;2.155375;0.578;6.129;119.746125;3.3535
2012-06-02;4.612625;1.083;12.673;106.48275;6.878
2012-06-03;7.067875;1.588;16.189;91.9795;8.8885
2012-06-04;6.695;4.616;10.661;118.340375;7.6385
2012-06-05;4.9305;3.103;10.158;109.602125;6.6305
2012-06-06;5.179;0.073;13.678;97.735375;6.8755
2012-06-07;6.37925;3.103;10.661;109.984;6.882
2012-06-08;9.147125;4.112;16.189;96.71325;10.1505
2012-06-09;6.947;4.616;10.158;115.994875;7.387
2012-06-10;6.63175;4.112;10.158;107.2545;7.135
2012-06-11;4.74125;1.588;8.144;110.815375;4.866
2012-06-12;4.86775;3.103;7.64;113.2055;5.3715
2012-06-13;2.471;0.073;5.625;119.044875;2.849
2012-06-14;3.479375;0.073;7.64;110.57;3.8565
2012-06-15;4.990625;0.073;9.654;100.25575;4.8635
2012-06-16;7.636125;2.093;13.175;96.289;7.634
2012-06-17;9.5255;5.12;14.18;100.082125;9.65
2012-06-18;10.469125;5.625;15.687;96.517375;10.656
2012-06-19;10.910625;7.137;16.189;103.159375;11.663
2012-06-20;10.345125;7.137;15.687;105.57325;11.412
2012-06-21;10.220375;8.648;12.17;119.862375;10.409
2012-06-22;10.21975;7.137;13.678;113.454625;10.4075
2012-06-23;9.717;8.144;12.17;108.24875;10.157
2012-06-24;7.889875;3.607;12.673;97.042875;8.14
2012-06-25;9.149875;5.625;12.673;95.55075;9.149
2012-06-26;9.842375;7.137;12.673;99.278375;9.905
2012-06-27;11.2255;8.144;15.687;98.0015;11.9155
2012-06-28;11.413125;7.137;16.189;102.764375;11.663
2012-06-29;13.110875;9.654;16.691;103.5155;13.1725
2012-06-30;12.73475;10.158;15.687;106.37675;12.9225
2012-07-01;11.916875;8.648;16.189;92.806;12.4185
2012-07-02;10.597875;9.151;12.17;115.115125;10.6605
2012-07-03;8.773375;7.64;10.158;120.889;8.899
2012-07-04;9.402;6.633;12.673;112.349625;9.653
2012-07-05;9.968125;6.633;12.673;108.17025;9.653
2012-07-06;9.65425;8.144;11.667;112.3645;9.9055
2012-07-07;9.2135;7.137;12.673;113.4465;9.905
2012-07-08;8.835625;5.625;11.667;106.849125;8.646
2012-07-09;9.90525;7.64;12.673;109.133875;10.1565
2012-07-10;9.528;6.633;12.17;104.699125;9.4015
2012-07-11;9.90525;7.137;13.678;103.746375;10.4075
2012-07-12;9.15075;7.137;10.661;104.868375;8.899
2012-07-13;8.646875;6.129;12.17;102.938375;9.1495
2012-07-14;8.584;6.129;12.673;110.538375;9.401
2012-07-15;9.025;8.144;11.164;112.38975;9.654
2012-07-16;5.939375;4.112;8.648;102.662;6.38
2012-07-17;5.811125;1.588;10.661;102.12275;6.1245
2012-07-18;8.45725;5.12;12.673;101.589875;8.8965
2012-07-19;9.52675;5.625;14.18;94.769375;9.9025
2012-07-20;10.785375;8.144;14.18;91.182375;11.162
2012-07-21;10.722875;8.144;14.683;102.63325;11.4135
2012-07-22;9.276375;6.633;12.17;106.190375;9.4015
2012-07-23;7.449875;4.112;11.667;98.828625;7.8895
2012-07-24;NA;NA;NA;NA;NA
2012-07-25;NA;NA;NA;NA;NA
2012-07-26;NA;NA;NA;NA;NA
2012-07-27;NA;NA;NA;NA;NA
2012-07-28;NA;NA;NA;NA;NA
2012-07-29;NA;NA;NA;NA;NA
2012-07-30;NA;NA;NA;NA;NA
2012-07-31;NA;NA;NA;NA;NA
2012-08-01;NA;NA;NA;NA;NA
2012-08-02;NA;NA;NA;NA;NA
2012-08-03;NA;NA;NA;NA;NA
2012-08-04;NA;NA;NA;NA;NA
2012-08-05;NA;NA;NA;NA;NA
2012-08-06;NA;NA;NA;NA;NA
2012-08-07;NA;NA;NA;NA;NA
2012-08-08;NA;NA;NA;NA;NA
2012-08-09;NA;NA;NA;NA;NA
2012-08-10;NA;NA;NA;NA;NA
2012-08-11;NA;NA;NA;NA;NA
2012-08-12;NA;NA;NA;NA;NA
2012-08-13;NA;NA;NA;NA;NA
2012-08-14;NA;NA;NA;NA;NA
2012-08-15;NA;NA;NA;NA;NA
2012-08-16;NA;NA;NA;NA;NA
2012-08-17;NA;NA;NA;NA;NA
2012-08-18;NA;NA;NA;NA;NA
2012-08-19;NA;NA;NA;NA;NA
2012-08-20;NA;NA;NA;NA;NA
2012-08-21;NA;NA;NA;NA;NA
2012-08-22;NA;NA;NA;NA;NA
2012-08-23;NA;NA;NA;NA;NA
2012-08-24;NA;NA;NA;NA;NA
2012-08-25;NA;NA;NA;NA;NA
2012-08-26;NA;NA;NA;NA;NA
2012-08-27;NA;NA;NA;NA;NA
2012-08-28;NA;NA;NA;NA;NA
2012-08-29;NA;NA;NA;NA;NA
2012-08-30;NA;NA;NA;NA;NA
2012-08-31;NA;NA;NA;NA;NA
2012-09-01;NA;NA;NA;NA;NA
2012-09-02;NA;NA;NA;NA;NA
2012-09-03;NA;NA;NA;NA;NA
2012-09-04;NA;NA;NA;NA;NA
2012-09-05;NA;NA;NA;NA;NA
2012-09-06;NA;NA;NA;NA;NA
2012-09-07;NA;NA;NA;NA;NA
2012-09-08;NA;NA;NA;NA;NA
2012-09-09;NA;NA;NA;NA;NA
2012-09-10;NA;NA;NA;NA;NA
2012-09-11;NA;NA;NA;NA;NA
2012-09-12;NA;NA;NA;NA;NA
2012-09-13;NA;NA;NA;NA;NA
2012-09-14;NA;NA;NA;NA;NA
2012-09-15;NA;NA;NA;NA;NA
2012-09-16;NA;NA;NA;NA;NA
2012-09-17;NA;NA;NA;NA;NA
2012-09-18;NA;NA;NA;NA;NA
2012-09-19;NA;NA;NA;NA;NA
2012-09-20;NA;NA;NA;NA;NA
2012-09-21;NA;NA;NA;NA;NA
2012-09-22;NA;NA;NA;NA;NA
2012-09-23;NA;NA;NA;NA;NA
2012-09-24;NA;NA;NA;NA;NA
2012-09-25;NA;NA;NA;NA;NA
2012-09-26;NA;NA;NA;NA;NA
2012-09-27;NA;NA;NA;NA;NA
2012-09-28;NA;NA;NA;NA;NA
2012-09-29;NA;NA;NA;NA;NA
2012-09-30;NA;NA;NA;NA;NA
2012-10-01;NA;NA;NA;NA;NA
2012-10-02;NA;NA;NA;NA;NA
2012-10-03;NA;NA;NA;NA;NA
2012-10-04;NA;NA;NA;NA;NA
2012-10-05;NA;NA;NA;NA;NA
2012-10-06;NA;NA;NA;NA;NA
2012-10-07;NA;NA;NA;NA;NA
2012-10-08;NA;NA;NA;NA;NA
2012-10-09;NA;NA;NA;NA;NA
2012-10-10;NA;NA;NA;NA;NA
2012-10-11;NA;NA;NA;NA;NA
2012-10-12;NA;NA;NA;NA;NA
2012-10-13;NA;NA;NA;NA;NA
2012-10-14;NA;NA;NA;NA;NA
2012-10-15;NA;NA;NA;NA;NA
2012-10-16;NA;NA;NA;NA;NA
2012-10-17;NA;NA;NA;NA;NA
2012-10-18;NA;NA;NA;NA;NA
2012-10-19;NA;NA;NA;NA;NA
2012-10-20;NA;NA;NA;NA;NA
2012-10-21;NA;NA;NA;NA;NA
2012-10-22;NA;NA;NA;NA;NA
2012-10-23;NA;NA;NA;NA;NA
2012-10-24;NA;NA;NA;NA;NA
2012-10-25;NA;NA;NA;NA;NA
2012-10-26;NA;NA;NA;NA;NA
2012-10-27;NA;NA;NA;NA;NA
2012-10-28;NA;NA;NA;NA;NA
2012-10-29;NA;NA;NA;NA;NA
2012-10-30;NA;NA;NA;NA;NA
2012-10-31;NA;NA;NA;NA;NA
2012-11-01;NA;NA;NA;NA;NA
2012-11-02;NA;NA;NA;NA;NA
2012-11-03;NA;NA;NA;NA;NA
2012-11-04;NA;NA;NA;NA;NA
2012-11-05;NA;NA;NA;NA;NA
2012-11-06;NA;NA;NA;NA;NA
2012-11-07;NA;NA;NA;NA;NA
2012-11-08;NA;NA;NA;NA;NA
2012-11-09;NA;NA;NA;NA;NA
2012-11-10;NA;NA;NA;NA;NA
2012-11-11;NA;NA;NA;NA;NA
2012-11-12;NA;NA;NA;NA;NA
2012-11-13;NA;NA;NA;NA;NA
2012-11-14;NA;NA;NA;NA;NA
2012-11-15;NA;NA;NA;NA;NA
2012-11-16;NA;NA;NA;NA;NA
2012-11-17;NA;NA;NA;NA;NA
2012-11-18;NA;NA;NA;NA;NA
2012-11-19;NA;NA;NA;NA;NA
2012-11-20;NA;NA;NA;NA;NA
2012-11-21;NA;NA;NA;NA;NA
2012-11-22;NA;NA;NA;NA;NA
2012-11-23;NA;NA;NA;NA;NA
2012-11-24;NA;NA;NA;NA;NA
2012-11-25;NA;NA;NA;NA;NA
2012-11-26;NA;NA;NA;NA;NA
2012-11-27;NA;NA;NA;NA;NA
2012-11-28;NA;NA;NA;NA;NA
2012-11-29;NA;NA;NA;NA;NA
2012-11-30;NA;NA;NA;NA;NA
2012-12-01;NA;NA;NA;NA;NA
2012-12-02;NA;NA;NA;NA;NA
2012-12-03;NA;NA;NA;NA;NA
2012-12-04;NA;NA;NA;NA;NA
2012-12-05;NA;NA;NA;NA;NA
2012-12-06;NA;NA;NA;NA;NA
2012-12-07;NA;NA;NA;NA;NA
2012-12-08;NA;NA;NA;NA;NA
2012-12-09;NA;NA;NA;NA;NA
2012-12-10;NA;NA;NA;NA;NA
2012-12-11;NA;NA;NA;NA;NA
2012-12-12;NA;NA;NA;NA;NA
2012-12-13;NA;NA;NA;NA;NA
2012-12-14;NA;NA;NA;NA;NA
2012-12-15;NA;NA;NA;NA;NA
2012-12-16;NA;NA;NA;NA;NA
2012-12-17;NA;NA;NA;NA;NA
2012-12-18;NA;NA;NA;NA;NA
2012-12-19;NA;NA;NA;NA;NA
2012-12-20;NA;NA;NA;NA;NA
2012-12-21;NA;NA;NA;NA;NA
2012-12-22;NA;NA;NA;NA;NA
2012-12-23;NA;NA;NA;NA;NA
2012-12-24;NA;NA;NA;NA;NA
2012-12-25;NA;NA;NA;NA;NA
2012-12-26;NA;NA;NA;NA;NA
2012-12-27;NA;NA;NA;NA;NA
2012-12-28;NA;NA;NA;NA;NA
2012-12-29;NA;NA;NA;NA;NA
2012-12-30;NA;NA;NA;NA;NA
2012-12-31;NA;NA;NA;NA;NA
2013-01-01;NA;NA;NA;NA;NA
2013-01-02;NA;NA;NA;NA;NA
2013-01-03;NA;NA;NA;NA;NA
2013-01-04;NA;NA;NA;NA;NA
2013-01-05;NA;NA;NA;NA;NA
2013-01-06;NA;NA;NA;NA;NA
2013-01-07;NA;NA;NA;NA;NA
2013-01-08;NA;NA;NA;NA;NA
2013-01-09;NA;NA;NA;NA;NA
2013-01-10;NA;NA;NA;NA;NA
2013-01-11;NA;NA;NA;NA;NA
2013-01-12;NA;NA;NA;NA;NA
2013-01-13;NA;NA;NA;NA;NA
2013-01-14;NA;NA;NA;NA;NA
2013-01-15;NA;NA;NA;NA;NA
2013-01-16;NA;NA;NA;NA;NA
2013-01-17;NA;NA;NA;NA;NA
2013-01-18;NA;NA;NA;NA;NA
2013-01-19;NA;NA;NA;NA;NA
2013-01-20;NA;NA;NA;NA;NA
2013-01-21;NA;NA;NA;NA;NA
2013-01-22;NA;NA;NA;NA;NA
2013-01-23;NA;NA;NA;NA;NA
2013-01-24;NA;NA;NA;NA;NA
2013-01-25;NA;NA;NA;NA;NA
2013-01-26;NA;NA;NA;NA;NA
2013-01-27;NA;NA;NA;NA;NA
2013-01-28;NA;NA;NA;NA;NA
2013-01-29;NA;NA;NA;NA;NA
2013-01-30;NA;NA;NA;NA;NA
2013-01-31;NA;NA;NA;NA;NA
2013-02-01;NA;NA;NA;NA;NA
2013-02-02;NA;NA;NA;NA;NA
2013-02-03;NA;NA;NA;NA;NA
2013-02-04;NA;NA;NA;NA;NA
2013-02-05;NA;NA;NA;NA;NA
2013-02-06;NA;NA;NA;NA;NA
2013-02-07;NA;NA;NA;NA;NA
2013-02-08;NA;NA;NA;NA;NA
2013-02-09;NA;NA;NA;NA;NA
2013-02-10;NA;NA;NA;NA;NA
2013-02-11;NA;NA;NA;NA;NA
2013-02-12;NA;NA;NA;NA;NA
2013-02-13;NA;NA;NA;NA;NA
2013-02-14;NA;NA;NA;NA;NA
2013-02-15;NA;NA;NA;NA;NA
2013-02-16;NA;NA;NA;NA;NA
2013-02-17;NA;NA;NA;NA;NA
2013-02-18;NA;NA;NA;NA;NA
2013-02-19;NA;NA;NA;NA;NA
2013-02-20;NA;NA;NA;NA;NA
2013-02-21;NA;NA;NA;NA;NA
2013-02-22;NA;NA;NA;NA;NA
2013-02-23;NA;NA;NA;NA;NA
2013-02-24;NA;NA;NA;NA;NA
2013-02-25;NA;NA;NA;NA;NA
2013-02-26;NA;NA;NA;NA;NA
2013-02-27;NA;NA;NA;NA;NA
2013-02-28;NA;NA;NA;NA;NA
2013-03-01;NA;NA;NA;NA;NA
2013-03-02;NA;NA;NA;NA;NA
2013-03-03;NA;NA;NA;NA;NA
2013-03-04;NA;NA;NA;NA;NA
2013-03-05;NA;NA;NA;NA;NA
2013-03-06;NA;NA;NA;NA;NA
2013-03-07;NA;NA;NA;NA;NA
2013-03-08;NA;NA;NA;NA;NA
2013-03-09;NA;NA;NA;NA;NA
2013-03-10;NA;NA;NA;NA;NA
2013-03-11;NA;NA;NA;NA;NA
2013-03-12;NA;NA;NA;NA;NA
2013-03-13;NA;NA;NA;NA;NA
2013-03-14;NA;NA;NA;NA;NA
2013-03-15;NA;NA;NA;NA;NA
2013-03-16;NA;NA;NA;NA;NA
2013-03-17;NA;NA;NA;NA;NA
2013-03-18;NA;NA;NA;NA;NA
2013-03-19;NA;NA;NA;NA;NA
2013-03-20;NA;NA;NA;NA;NA
2013-03-21;NA;NA;NA;NA;NA
2013-03-22;NA;NA;NA;NA;NA
2013-03-23;NA;NA;NA;NA;NA
2013-03-24;NA;NA;NA;NA;NA
2013-03-25;NA;NA;NA;NA;NA
2013-03-26;NA;NA;NA;NA;NA
2013-03-27;NA;NA;NA;NA;NA
2013-03-28;NA;NA;NA;NA;NA
2013-03-29;NA;NA;NA;NA;NA
2013-03-30;NA;NA;NA;NA;NA
2013-03-31;NA;NA;NA;NA;NA
2013-04-01;NA;NA;NA;NA;NA
2013-04-02;NA;NA;NA;NA;NA
2013-04-03;NA;NA;NA;NA;NA
2013-04-04;NA;NA;NA;NA;NA
2013-04-05;NA;NA;NA;NA;NA
2013-04-06;NA;NA;NA;NA;NA
2013-04-07;NA;NA;NA;NA;NA
2013-04-08;NA;NA;NA;NA;NA
2013-04-09;NA;NA;NA;NA;NA
2013-04-10;NA;NA;NA;NA;NA
2013-04-11;NA;NA;NA;NA;NA
2013-04-12;NA;NA;NA;NA;NA
2013-04-13;NA;NA;NA;NA;NA
2013-04-14;NA;NA;NA;NA;NA
2013-04-15;NA;NA;NA;NA;NA
2013-04-16;NA;NA;NA;NA;NA
2013-04-17;NA;NA;NA;NA;NA
2013-04-18;NA;NA;NA;NA;NA
2013-04-19;NA;NA;NA;NA;NA
2013-04-20;NA;NA;NA;NA;NA
2013-04-21;NA;NA;NA;NA;NA
2013-04-22;NA;NA;NA;NA;NA
2013-04-23;NA;NA;NA;NA;NA
2013-04-24;NA;NA;NA;NA;NA
2013-04-25;NA;NA;NA;NA;NA
2013-04-26;NA;NA;NA;NA;NA
2013-04-27;NA;NA;NA;NA;NA
2013-04-28;NA;NA;NA;NA;NA
2013-04-29;NA;NA;NA;NA;NA
2013-04-30;NA;NA;NA;NA;NA
2013-05-01;NA;NA;NA;NA;NA
2013-05-02;NA;NA;NA;NA;NA
2013-05-03;NA;NA;NA;NA;NA
2013-05-04;NA;NA;NA;NA;NA
2013-05-05;NA;NA;NA;NA;NA
2013-05-06;NA;NA;NA;NA;NA
2013-05-07;NA;NA;NA;NA;NA
2013-05-08;NA;NA;NA;NA;NA
2013-05-09;NA;NA;NA;NA;NA
2013-05-10;NA;NA;NA;NA;NA
2013-05-11;NA;NA;NA;NA;NA
2013-05-12;NA;NA;NA;NA;NA
2013-05-13;NA;NA;NA;NA;NA
2013-05-14;NA;NA;NA;NA;NA
2013-05-15;NA;NA;NA;NA;NA
2013-05-16;NA;NA;NA;NA;NA
2013-05-17;NA;NA;NA;NA;NA
2013-05-18;NA;NA;NA;NA;NA
2013-05-19;NA;NA;NA;NA;NA
2013-05-20;NA;NA;NA;NA;NA
2013-05-21;NA;NA;NA;NA;NA
2013-05-22;NA;NA;NA;NA;NA
2013-05-23;NA;NA;NA;NA;NA
2013-05-24;NA;NA;NA;NA;NA
2013-05-25;NA;NA;NA;NA;NA
2013-05-26;NA;NA;NA;NA;NA
2013-05-27;NA;NA;NA;NA;NA
2013-05-28;NA;NA;NA;NA;NA
2013-05-29;NA;NA;NA;NA;NA
2013-05-30;NA;NA;NA;NA;NA
2013-05-31;NA;NA;NA;NA;NA
2013-06-01;NA;NA;NA;NA;NA
2013-06-02;NA;NA;NA;NA;NA
2013-06-03;NA;NA;NA;NA;NA
2013-06-04;NA;NA;NA;NA;NA
2013-06-05;NA;NA;NA;NA;NA
2013-06-06;NA;NA;NA;NA;NA
2013-06-07;NA;NA;NA;NA;NA
2013-06-08;NA;NA;NA;NA;NA
2013-06-09;NA;NA;NA;NA;NA
2013-06-10;NA;NA;NA;NA;NA
2013-06-11;NA;NA;NA;NA;NA
2013-06-12;NA;NA;NA;NA;NA
2013-06-13;NA;NA;NA;NA;NA
2013-06-14;NA;NA;NA;NA;NA
2013-06-15;NA;NA;NA;NA;NA
2013-06-16;NA;NA;NA;NA;NA
2013-06-17;NA;NA;NA;NA;NA
2013-06-18;NA;NA;NA;NA;NA
2013-06-19;NA;NA;NA;NA;NA
2013-06-20;NA;NA;NA;NA;NA
2013-06-21;NA;NA;NA;NA;NA
2013-06-22;NA;NA;NA;NA;NA
2013-06-23;NA;NA;NA;NA;NA
2013-06-24;NA;NA;NA;NA;NA
2013-06-25;NA;NA;NA;NA;NA
2013-06-26;NA;NA;NA;NA;NA
2013-06-27;NA;NA;NA;NA;NA
2013-06-28;NA;NA;NA;NA;NA
2013-06-29;NA;NA;NA;NA;NA
2013-06-30;NA;NA;NA;NA;NA
2013-07-01;NA;NA;NA;NA;NA
2013-07-02;NA;NA;NA;NA;NA
2013-07-03;NA;NA;NA;NA;NA
2013-07-04;NA;NA;NA;NA;NA
2013-07-05;NA;NA;NA;NA;NA
2013-07-06;NA;NA;NA;NA;NA
2013-07-07;NA;NA;NA;NA;NA
2013-07-08;NA;NA;NA;NA;NA
2013-07-09;NA;NA;NA;NA;NA
2013-07-10;NA;NA;NA;NA;NA
2013-07-11;NA;NA;NA;NA;NA
2013-07-12;NA;NA;NA;NA;NA
2013-07-13;NA;NA;NA;NA;NA
2013-07-14;NA;NA;NA;NA;NA
2013-07-15;NA;NA;NA;NA;NA
2013-07-16;NA;NA;NA;NA;NA
2013-07-17;NA;NA;NA;NA;NA
2013-07-18;NA;NA;NA;NA;NA
2013-07-19;NA;NA;NA;NA;NA
2013-07-20;NA;NA;NA;NA;NA
2013-07-21;NA;NA;NA;NA;NA
2013-07-22;NA;NA;NA;NA;NA
2013-07-23;NA;NA;NA;NA;NA
2013-07-24;NA;NA;NA;NA;NA
2013-07-25;NA;NA;NA;NA;NA
2013-07-26;NA;NA;NA;NA;NA
2013-07-27;NA;NA;NA;NA;NA
2013-07-28;NA;NA;NA;NA;NA
2013-07-29;NA;NA;NA;NA;NA
2013-07-30;NA;NA;NA;NA;NA
2013-07-31;NA;NA;NA;NA;NA
2013-08-01;NA;NA;NA;NA;NA
2013-08-02;NA;NA;NA;NA;NA
2013-08-03;NA;NA;NA;NA;NA
2013-08-04;NA;NA;NA;NA;NA
2013-08-05;NA;NA;NA;NA;NA
2013-08-06;NA;NA;NA;NA;NA
2013-08-07;NA;NA;NA;NA;NA
2013-08-08;NA;NA;NA;NA;NA
2013-08-09;NA;NA;NA;NA;NA
2013-08-10;NA;NA;NA;NA;NA
2013-08-11;NA;NA;NA;NA;NA
2013-08-12;NA;NA;NA;NA;NA
2013-08-13;NA;NA;NA;NA;NA
2013-08-14;NA;NA;NA;NA;NA
2013-08-15;NA;NA;NA;NA;NA
2013-08-16;NA;NA;NA;NA;NA
2013-08-17;NA;NA;NA;NA;NA
2013-08-18;NA;NA;NA;NA;NA
2013-08-19;NA;NA;NA;NA;NA
2013-08-20;NA;NA;NA;NA;NA
2013-08-21;NA;NA;NA;NA;NA
2013-08-22;NA;NA;NA;NA;NA
2013-08-23;NA;NA;NA;NA;NA
2013-08-24;NA;NA;NA;NA;NA
2013-08-25;NA;NA;NA;NA;NA
2013-08-26;NA;NA;NA;NA;NA
2013-08-27;NA;NA;NA;NA;NA
2013-08-28;NA;NA;NA;NA;NA
2013-08-29;NA;NA;NA;NA;NA
2013-08-30;NA;NA;NA;NA;NA
2013-08-31;NA;NA;NA;NA;NA
2013-09-01;NA;NA;NA;NA;NA
2013-09-02;NA;NA;NA;NA;NA
2013-09-03;NA;NA;NA;NA;NA
2013-09-04;NA;NA;NA;NA;NA
2013-09-05;NA;NA;NA;NA;NA
2013-09-06;NA;NA;NA;NA;NA
2013-09-07;NA;NA;NA;NA;NA
2013-09-08;NA;NA;NA;NA;NA
2013-09-09;NA;NA;NA;NA;NA
2013-09-10;NA;NA;NA;NA;NA
2013-09-11;NA;NA;NA;NA;NA
2013-09-12;NA;NA;NA;NA;NA
2013-09-13;NA;NA;NA;NA;NA
2013-09-14;NA;NA;NA;NA;NA
2013-09-15;NA;NA;NA;NA;NA
2013-09-16;NA;NA;NA;NA;NA
2013-09-17;NA;NA;NA;NA;NA
2013-09-18;NA;NA;NA;NA;NA
2013-09-19;NA;NA;NA;NA;NA
2013-09-20;NA;NA;NA;NA;NA
2013-09-21;NA;NA;NA;NA;NA
2013-09-22;NA;NA;NA;NA;NA
2013-09-23;NA;NA;NA;NA;NA
2013-09-24;NA;NA;NA;NA;NA
2013-09-25;NA;NA;NA;NA;NA
2013-09-26;NA;NA;NA;NA;NA
2013-09-27;9.3275;7.069;16.602;NA;11.8355
2013-09-28;8.387125;7.069;9.58;NA;8.3245
2013-09-29;7.19425;6.566;8.073;NA;7.3195
2013-09-30;8.198125;6.064;13.594;NA;9.829
2013-10-01;7.445;5.561;10.583;NA;8.072
2013-10-02;7.759;5.561;10.583;NA;8.072
2013-10-03;7.9475;6.566;9.58;NA;8.073
2013-10-04;8.638;7.571;10.583;NA;9.077
2013-10-05;7.068625;5.561;8.073;NA;6.817
2013-10-06;5.938125;4.556;7.571;NA;6.0635
2013-10-07;6.37775;5.059;8.073;NA;6.566
2013-10-08;6.566125;5.059;8.575;NA;6.817
2013-10-09;6.063625;5.059;7.571;NA;6.315
2013-10-10;2.858875;0.03;5.059;NA;2.5445
2013-10-11;0.7845;0.03;2.042;NA;1.036
2013-10-12;1.098875;-0.473;1.539;NA;0.533
2013-10-13;1.539;1.539;1.539;NA;1.539
2013-10-14;1.66475;1.539;2.042;NA;1.7905
2013-10-15;2.16775;1.036;3.551;NA;2.2935
2013-10-16;4.367875;3.551;5.561;NA;4.556
2013-10-17;3.110625;1.539;5.059;NA;3.299
2013-10-18;2.92175;1.036;5.561;NA;3.2985
2013-10-19;4.618625;2.545;6.566;NA;4.5555
2013-10-20;4.05325;2.545;6.566;NA;4.5555
2013-10-21;4.555875;2.545;7.069;NA;4.807
2013-10-22;6.252125;4.054;8.073;NA;6.0635
2013-10-23;6.001;5.059;7.571;NA;6.315
2013-10-24;3.6765;3.048;5.059;NA;4.0535
2013-10-25;4.242;3.048;5.561;NA;4.3045
2013-10-26;4.87025;3.551;6.566;NA;5.0585
2013-10-27;5.4355;4.054;8.073;NA;6.0635
2013-10-28;3.425125;2.545;4.556;NA;3.5505
2013-10-29;3.550875;2.545;5.059;NA;3.802
2013-10-30;1.601875;1.036;2.545;NA;1.7905
2013-10-31;1.91625;0.533;3.048;NA;1.7905
2013-11-01;3.299125;1.539;5.561;NA;3.55
2013-11-02;3.865125;2.545;5.059;NA;3.802
2013-11-03;2.042;0.03;4.054;NA;2.042
2013-11-04;0.533;0.03;1.036;NA;0.533
2013-11-05;0.847375;0.533;1.036;NA;0.7845
2013-11-06;2.293375;1.036;4.556;NA;2.796
2013-11-07;0.721625;0.533;1.539;NA;1.036
2013-11-08;1.91625;0.533;3.551;NA;2.042
2013-11-09;0.470125;-0.473;1.036;NA;0.2815
2013-11-10;0.15575;-0.473;0.533;NA;0.03
2013-11-11;0.533;0.533;0.533;NA;0.533
2013-11-12;0.533;0.533;0.533;NA;0.533
2013-11-13;0.533;0.533;0.533;NA;0.533
2013-11-14;0.533;0.533;0.533;NA;0.533
2013-11-15;0.533;0.533;0.533;NA;0.533
2013-11-16;0.533;0.533;0.533;NA;0.533
2013-11-17;0.65875;0.533;1.036;NA;0.7845
2013-11-18;0.533;0.533;0.533;NA;0.533
2013-11-19;0.65875;0.533;1.036;NA;0.7845
2013-11-20;0.533;0.533;0.533;NA;0.533
2013-11-21;0.533;0.533;0.533;NA;0.533
2013-11-22;0.533;0.533;0.533;NA;0.533
2013-11-23;0.533;0.533;0.533;NA;0.533
2013-11-24;0.533;0.533;0.533;NA;0.533
2013-11-25;0.533;0.533;0.533;NA;0.533
2013-11-26;0.092875;0.03;0.533;NA;0.2815
2013-11-27;0.03;0.03;0.03;NA;0.03
2013-11-28;0.03;0.03;0.03;NA;0.03
2013-11-29;0.03;0.03;0.03;NA;0.03
2013-11-30;0.218625;0.03;0.533;NA;0.2815
2013-12-01;0.15575;0.03;0.533;NA;0.2815
2013-12-02;0.40725;0.03;0.533;NA;0.2815
2013-12-03;0.40725;0.03;0.533;NA;0.2815
2013-12-04;0.03;0.03;0.03;NA;0.03
2013-12-05;0.03;0.03;0.03;NA;0.03
2013-12-06;0.15575;0.03;0.533;NA;0.2815
2013-12-07;0.03;0.03;0.03;NA;0.03
2013-12-08;0.03;0.03;0.03;NA;0.03
2013-12-09;0.03;0.03;0.03;NA;0.03
2013-12-10;0.03;0.03;0.03;NA;0.03
2013-12-11;0.03;0.03;0.03;NA;0.03
2013-12-12;0.03;0.03;0.03;NA;0.03
2013-12-13;0.03;0.03;0.03;NA;0.03
2013-12-14;0.03;0.03;0.03;NA;0.03
2013-12-15;0.03;0.03;0.03;NA;0.03
2013-12-16;0.03;0.03;0.03;NA;0.03
2013-12-17;0.03;0.03;0.03;NA;0.03
2013-12-18;0.03;0.03;0.03;NA;0.03
2013-12-19;0.03;0.03;0.03;NA;0.03
2013-12-20;0.03;0.03;0.03;NA;0.03
2013-12-21;0.15575;0.03;0.533;NA;0.2815
2013-12-22;0.533;0.533;0.533;NA;0.533
2013-12-23;0.533;0.533;0.533;NA;0.533
2013-12-24;0.533;0.533;0.533;NA;0.533
2013-12-25;0.533;0.533;0.533;NA;0.533
2013-12-26;0.533;0.533;0.533;NA;0.533
2013-12-27;0.533;0.533;0.533;NA;0.533
2013-12-28;0.533;0.533;0.533;NA;0.533
2013-12-29;0.533;0.533;0.533;NA;0.533
2013-12-30;0.533;0.533;0.533;NA;0.533
2013-12-31;0.533;0.533;0.533;NA;0.533
2014-01-01;0.533;0.533;0.533;NA;0.533
2014-01-02;0.533;0.533;0.533;NA;0.533
2014-01-03;0.533;0.533;0.533;NA;0.533
2014-01-04;0.533;0.533;0.533;NA;0.533
2014-01-05;0.533;0.533;0.533;NA;0.533
2014-01-06;0.533;0.533;0.533;NA;0.533
2014-01-07;0.533;0.533;0.533;NA;0.533
2014-01-08;0.533;0.533;0.533;NA;0.533
2014-01-09;0.533;0.533;0.533;NA;0.533
2014-01-10;0.533;0.533;0.533;NA;0.533
2014-01-11;0.533;0.533;0.533;NA;0.533
2014-01-12;0.533;0.533;0.533;NA;0.533
2014-01-13;0.533;0.533;0.533;NA;0.533
2014-01-14;0.533;0.533;0.533;NA;0.533
2014-01-15;0.533;0.533;0.533;NA;0.533
2014-01-16;0.533;0.533;0.533;NA;0.533
2014-01-17;0.533;0.533;0.533;NA;0.533
2014-01-18;0.533;0.533;0.533;NA;0.533
2014-01-19;0.533;0.533;0.533;NA;0.533
2014-01-20;0.533;0.533;0.533;NA;0.533
2014-01-21;0.533;0.533;0.533;NA;0.533
2014-01-22;0.533;0.533;0.533;NA;0.533
2014-01-23;0.533;0.533;0.533;NA;0.533
2014-01-24;0.533;0.533;0.533;NA;0.533
2014-01-25;0.533;0.533;0.533;NA;0.533
2014-01-26;0.533;0.533;0.533;NA;0.533
2014-01-27;0.533;0.533;0.533;NA;0.533
2014-01-28;0.533;0.533;0.533;NA;0.533
2014-01-29;0.533;0.533;0.533;NA;0.533
2014-01-30;0.533;0.533;0.533;NA;0.533
2014-01-31;0.533;0.533;0.533;NA;0.533
2014-02-01;0.533;0.533;0.533;NA;0.533
2014-02-02;0.533;0.533;0.533;NA;0.533
2014-02-03;0.533;0.533;0.533;NA;0.533
2014-02-04;0.533;0.533;0.533;NA;0.533
2014-02-05;0.533;0.533;0.533;NA;0.533
2014-02-06;0.533;0.533;0.533;NA;0.533
2014-02-07;0.533;0.533;0.533;NA;0.533
2014-02-08;0.533;0.533;0.533;NA;0.533
2014-02-09;0.533;0.533;0.533;NA;0.533
2014-02-10;0.533;0.533;0.533;NA;0.533
2014-02-11;0.533;0.533;0.533;NA;0.533
2014-02-12;0.533;0.533;0.533;NA;0.533
2014-02-13;0.533;0.533;0.533;NA;0.533
2014-02-14;0.533;0.533;0.533;NA;0.533
2014-02-15;0.533;0.533;0.533;NA;0.533
2014-02-16;0.533;0.533;0.533;NA;0.533
2014-02-17;0.533;0.533;0.533;NA;0.533
2014-02-18;0.533;0.533;0.533;NA;0.533
2014-02-19;0.533;0.533;0.533;NA;0.533
2014-02-20;0.533;0.533;0.533;NA;0.533
2014-02-21;0.533;0.533;0.533;NA;0.533
2014-02-22;0.533;0.533;0.533;NA;0.533
2014-02-23;0.533;0.533;0.533;NA;0.533
2014-02-24;0.533;0.533;0.533;NA;0.533
2014-02-25;0.533;0.533;0.533;NA;0.533
2014-02-26;0.533;0.533;0.533;NA;0.533
2014-02-27;0.533;0.533;0.533;NA;0.533
2014-02-28;0.533;0.533;0.533;NA;0.533
2014-03-01;0.533;0.533;0.533;NA;0.533
2014-03-02;0.533;0.533;0.533;NA;0.533
2014-03-03;0.533;0.533;0.533;NA;0.533
2014-03-04;0.533;0.533;0.533;NA;0.533
2014-03-05;0.533;0.533;0.533;NA;0.533
2014-03-06;0.533;0.533;0.533;NA;0.533
2014-03-07;0.533;0.533;0.533;NA;0.533
2014-03-08;0.533;0.533;0.533;NA;0.533
2014-03-09;0.533;0.533;0.533;NA;0.533
2014-03-10;0.533;0.533;0.533;NA;0.533
2014-03-11;0.533;0.533;0.533;NA;0.533
2014-03-12;0.533;0.533;0.533;NA;0.533
2014-03-13;0.533;0.533;0.533;NA;0.533
2014-03-14;0.533;0.533;0.533;NA;0.533
2014-03-15;0.533;0.533;0.533;NA;0.533
2014-03-16;0.533;0.533;0.533;NA;0.533
2014-03-17;0.533;0.533;0.533;NA;0.533
2014-03-18;0.533;0.533;0.533;NA;0.533
2014-03-19;0.533;0.533;0.533;NA;0.533
2014-03-20;0.533;0.533;0.533;NA;0.533
2014-03-21;0.533;0.533;0.533;NA;0.533
2014-03-22;0.533;0.533;0.533;NA;0.533
2014-03-23;0.533;0.533;0.533;NA;0.533
2014-03-24;0.533;0.533;0.533;NA;0.533
2014-03-25;0.533;0.533;0.533;NA;0.533
2014-03-26;0.533;0.533;0.533;NA;0.533
2014-03-27;0.533;0.533;0.533;NA;0.533
2014-03-28;0.470125;0.03;0.533;NA;0.2815
2014-03-29;0.533;0.533;0.533;NA;0.533
2014-03-30;0.533;0.533;0.533;NA;0.533
2014-03-31;0.533;0.533;0.533;NA;0.533
2014-04-01;0.470125;0.03;0.533;NA;0.2815
2014-04-02;0.533;0.533;0.533;NA;0.533
2014-04-03;0.470125;0.03;0.533;NA;0.2815
2014-04-04;0.40725;0.03;0.533;NA;0.2815
2014-04-05;0.470125;0.03;0.533;NA;0.2815
2014-04-06;0.092875;0.03;0.533;NA;0.2815
2014-04-07;0.092875;0.03;0.533;NA;0.2815
2014-04-08;0.15575;0.03;0.533;NA;0.2815
2014-04-09;0.092875;0.03;0.533;NA;0.2815
2014-04-10;0.2815;0.03;0.533;NA;0.2815
2014-04-11;0.092875;0.03;0.533;NA;0.2815
2014-04-12;0.15575;0.03;0.533;NA;0.2815
2014-04-13;0.092875;0.03;0.533;NA;0.2815
2014-04-14;0.15575;0.03;0.533;NA;0.2815
2014-04-15;0.092875;0.03;0.533;NA;0.2815
2014-04-16;0.218625;0.03;0.533;NA;0.2815
2014-04-17;0.2815;0.03;0.533;NA;0.2815
2014-04-18;0.344375;0.03;0.533;NA;0.2815
2014-04-19;0.2815;0.03;0.533;NA;0.2815
2014-04-20;0.40725;0.03;0.533;NA;0.2815
2014-04-21;0.470125;0.03;0.533;NA;0.2815
2014-04-22;0.533;0.533;0.533;NA;0.533
2014-04-23;0.533;0.533;0.533;NA;0.533
2014-04-24;0.15575;0.03;0.533;NA;0.2815
2014-04-25;0.218625;0.03;0.533;NA;0.2815
2014-04-26;0.2815;0.03;0.533;NA;0.2815
2014-04-27;0.2815;0.03;0.533;NA;0.2815
2014-04-28;0.470125;0.03;0.533;NA;0.2815
2014-04-29;0.533;0.533;0.533;NA;0.533
2014-04-30;0.470125;0.03;0.533;NA;0.2815
2014-05-01;0.533;0.533;0.533;NA;0.533
2014-05-02;0.40725;0.03;0.533;NA;0.2815
2014-05-03;0.470125;0.03;0.533;NA;0.2815
2014-05-04;0.533;0.533;0.533;NA;0.533
2014-05-05;0.470125;0.03;0.533;NA;0.2815
2014-05-06;0.470125;0.03;0.533;NA;0.2815
2014-05-07;0.40725;0.03;0.533;NA;0.2815
2014-05-08;0.40725;0.03;0.533;NA;0.2815
2014-05-09;0.470125;0.03;0.533;NA;0.2815
2014-05-10;0.533;0.533;0.533;NA;0.533
2014-05-11;0.533;0.533;0.533;NA;0.533
2014-05-12;0.533;0.533;0.533;NA;0.533
2014-05-13;0.533;0.533;0.533;NA;0.533
2014-05-14;0.533;0.533;0.533;NA;0.533
2014-05-15;0.533;0.533;0.533;NA;0.533
2014-05-16;0.533;0.533;0.533;NA;0.533
2014-05-17;0.533;0.533;0.533;NA;0.533
2014-05-18;0.533;0.533;0.533;NA;0.533
2014-05-19;0.533;0.533;0.533;NA;0.533
2014-05-20;0.533;0.533;0.533;NA;0.533
2014-05-21;0.533;0.533;0.533;NA;0.533
2014-05-22;0.721625;0.533;1.539;NA;1.036
2014-05-23;2.985125;2.042;4.054;NA;3.048
2014-05-24;3.676;2.042;6.566;NA;4.304
2014-05-25;4.61825;1.539;8.073;NA;4.806
2014-05-26;4.3045;2.042;7.571;NA;4.8065
2014-05-27;4.1785;1.036;7.571;NA;4.3035
2014-05-28;5.874125;2.545;10.583;NA;6.564
2014-05-29;6.502;2.042;12.089;NA;7.0655
2014-05-30;6.628;3.048;11.085;NA;7.0665
2014-05-31;7.695125;3.551;13.092;NA;8.3215
2014-06-01;7.632;3.048;12.59;NA;7.819
2014-06-02;7.63225;3.048;13.594;NA;8.321
2014-06-03;8.63675;5.059;14.095;NA;9.577
2014-06-04;7.00525;4.054;11.085;NA;7.5695
2014-06-05;7.25575;3.048;11.587;NA;7.3175
2014-06-06;9.451875;4.054;15.599;NA;9.8265
2014-06-07;11.083625;6.064;16.1;NA;11.082
2014-06-08;12.275375;7.571;17.103;NA;12.337
2014-06-09;12.02475;8.575;17.604;NA;13.0895
2014-06-10;10.645375;8.073;15.098;NA;11.5855
2014-06-11;11.084375;7.069;14.597;NA;10.833
2014-06-12;11.89975;8.073;16.602;NA;12.3375
2014-06-13;11.712;9.078;16.1;NA;12.589
2014-06-14;10.332;8.073;14.095;NA;11.084
2014-06-15;9.139875;7.571;11.085;NA;9.328
2014-06-16;9.077;6.566;11.085;NA;8.8255
2014-06-17;7.507875;6.064;12.089;NA;9.0765
2014-06-18;6.566125;5.561;8.073;NA;6.817
2014-06-19;7.884;4.556;10.583;NA;7.5695
2014-06-20;8.6375;6.064;11.085;NA;8.5745
2014-06-21;9.76725;6.566;12.089;NA;9.3275
2014-06-22;11.273125;8.575;13.594;NA;11.0845
2014-06-23;11.58675;9.58;14.095;NA;11.8375
2014-06-24;10.95975;9.58;12.59;NA;11.085
2014-06-25;10.207;9.078;11.587;NA;10.3325
2014-06-26;9.57925;7.069;12.089;NA;9.579
2014-06-27;9.830125;7.571;12.089;NA;9.83
2014-06-28;9.830125;8.073;11.587;NA;9.83
2014-06-29;8.135875;6.566;9.58;NA;8.073
2014-06-30;7.44525;5.561;9.078;NA;7.3195
2014-07-01;8.512125;6.064;10.583;NA;8.3235
2014-07-02;8.449875;7.571;9.58;NA;8.5755
2014-07-03;9.579;6.566;11.587;NA;9.0765
2014-07-04;9.579875;8.575;10.082;NA;9.3285
2014-07-05;9.830125;8.073;11.587;NA;9.83
2014-07-06;10.583125;8.575;12.59;NA;10.5825
2014-07-07;9.517;8.575;10.583;NA;9.579
2014-07-08;7.19425;6.064;8.073;NA;7.0685
2014-07-09;6.06375;5.561;7.069;NA;6.315
2014-07-10;5.56125;4.556;6.566;NA;5.561
2014-07-11;7.44525;6.064;9.078;NA;7.571
2014-07-12;7.633625;6.566;8.575;NA;7.5705
2014-07-13;8.512625;6.566;10.082;NA;8.324
2014-07-14;9.20275;7.571;11.085;NA;9.328
2014-07-15;10.018375;7.571;12.089;NA;9.83
2014-07-16;10.646;8.575;12.59;NA;10.5825
2014-07-17;10.708375;8.575;12.59;NA;10.5825
2014-07-18;11.2105;9.078;13.092;NA;11.085
2014-07-19;11.963125;10.583;13.594;NA;12.0885
2014-07-20;10.01825;7.571;11.085;NA;9.328
2014-07-21;8.19875;7.069;9.58;NA;8.3245
2014-07-22;9.453875;8.073;11.587;NA;9.83
2014-07-23;10.018375;8.575;12.089;NA;10.332
2014-07-24;10.39525;9.078;12.089;NA;10.5835
2014-07-25;9.95575;8.073;12.089;NA;10.081
2014-07-26;9.830375;8.575;11.587;NA;10.081
2014-07-27;9.89275;7.571;12.59;NA;10.0805
2014-07-28;10.144375;9.078;11.587;NA;10.3325
2014-07-29;8.261375;7.571;9.58;NA;8.5755
2014-07-30;8.826625;7.069;10.082;NA;8.5755
2014-07-31;10.6455;8.073;13.092;NA;10.5825
2014-08-01;11.649625;10.082;13.092;NA;11.587
2014-08-02;10.52075;9.58;11.587;NA;10.5835
2014-08-03;9.955875;8.575;11.085;NA;9.83
2014-08-04;9.767875;8.575;11.587;NA;10.081
2014-08-05;9.642;8.073;11.587;NA;9.83
2014-08-06;7.73833333333333;7.571;8.073;NA;7.822
